링크,본문,본문조회수,작성시간,좋아요,답글수,리포스트,공유수,첫댓글조회수,크롤링시간
https://www.threads.com/@arch_dotori/post/DU5rDhIk5Wk,"얘 유명해지기 전에 저점매수 하세요
첫입 했을 때 진심 충격 받음ㅋㅋㅋ
알콜헤이러인디 맥주 깐건 또 처음이네;; 
1
/
2",조회 1.3천회,2026-02-18T13:35:30.000Z,1,1,,1,조회 126회,2026-02-20 00:44:18
https://www.threads.com/@arch_dotori/post/DU5qWUyk9yx,"친구가 이거 보고 '또 쓸데없는 거 샀냐' 했음;;
근데 며칠뒤에 똑같은 거 슥 들이밀더라?? 
1
/
2",조회 5.5천회,2026-02-18T13:29:20.000Z,4,1,,2,조회 61회,2026-02-20 00:44:35
https://www.threads.com/@arch_dotori/post/DU5ptiRExJT,"블랙헤드 박멸한 사람들 이건 당연히 알거임..
그냥 뿌리째 뽑아버리는 이 가성비템
내 주변친구들도 다 블랙헤드 탈출함;;?? 
1
/
2",조회 255회,2026-02-18T13:23:46.000Z,1,1,,0,조회 33회,2026-02-20 00:44:49
https://www.threads.com/@arch_dotori/post/DU5oZnbkzX6,"코스트코 가서 이거 한 박스만 사왔는데;;
어느새 텅 비었어.. 남편이 3박스 더사오래???♀?
이거 진짜 그렇게 중독되나봐ㅋㅋ 
1
/
2",조회 158회,2026-02-18T13:12:19.000Z,1,1,,0,조회 31회,2026-02-20 00:45:04
https://www.threads.com/@arch_dotori/post/DU5nk4Ak6PB,"샤넬 립스틱 다 쓴 줄 알고 버리려다
대박 발견함; 안에 숨겨진 용량 뭔데;;
이제부터 바닥까지 파서 쓴다ㅋㅋ ?? 
1
/
2",조회 44회,2026-02-18T13:05:07.000Z,1,1,,0,조회 23회,2026-02-20 00:45:19
https://www.threads.com/@arch_dotori/post/DU5lH3wkxh4,"이 립.. 윈터가 바르니까 명품인 줄 알았지?
ㅋㅋㅋ이 가격 실화임? 미친놈임 진짜?? 
1
/
2",조회 3.9만회,2026-02-18T12:43:40.000Z,103,1,2,9,조회 3.8천회,2026-02-20 00:45:33
https://www.threads.com/@arch_dotori/post/DU3YSmfEzlE,"나 이거 들고 카페 갔는데 연예인 된 기분임;
다들 에르메스인 줄 앎;; ??? 
1
/
2",조회 52회,2026-02-17T16:13:04.000Z,1,1,,0,조회 38회,2026-02-20 00:45:48
https://www.threads.com/@arch_dotori/post/DU3WSmdkx_Y,"이거 진짜 실화임ㅋㅋ
하루 종일 착용했는데 아무도 눈치 못 챔 ?????
진짜 꿀템 인정… 
1
/
2",조회 4천회,2026-02-17T15:55:35.000Z,1,1,,0,조회 157회,2026-02-20 00:46:02
https://www.threads.com/@arch_dotori/post/DU3Tx3Fk8t_,"남편 코골이 잡겠다고 이거 붙였는데
근데 아침에 깨보니 나도 붙어있음??
부부 필수템 인정~~ 
1
/
2",조회 1천회,2026-02-17T15:33:38.000Z,1,1,,0,조회 63회,2026-02-20 00:46:17
https://www.threads.com/@arch_dotori/post/DU3SBxGE9DM,"엄마 발뒤꿈치 보고 비명 질렀다..
무슨 등산화 밑창인줄;; 알았지만
이거 하나로 바로 애기 발 됨
이제 비단결 맨발 쌉가능ㅋㅋ 
1
/
2",조회 52회,2026-02-17T15:18:20.000Z,1,1,,0,조회 27회,2026-02-20 00:46:31
https://www.threads.com/@arch_dotori/post/DU3PYnhk3Yg,"진짜 이거 미친놈이네
최강록 간장으로 스팸계란밥 해봤는데
입에 넣자마자 귓가에 '나야. 간장' 들려옴?? 
1
/
2",조회 1천회,2026-02-17T14:55:14.000Z,1,1,,0,조회 40회,2026-02-20 00:46:46
https://www.threads.com/@arch_dotori/post/DU3O2lHk0TX,"이거 코치 가방인데
루이비통 직원도 순간 착각함ㅋㅋ
얘네가 루이비통 전 디자이너 영입 했다는데
진짜 신의 한수ㅋㅋㅋㅋ?? 
1
/
2",조회 2천회,2026-02-17T14:50:36.000Z,2,1,,4,조회 95회,2026-02-20 00:47:01
https://www.threads.com/@arch_dotori/post/DU0riH2k0e_,"명품 신발인줄 알았는데 이 가격임;
코디 끝판왕이라 매일 신게 됨??? 
1
/
2",조회 812회,2026-02-16T15:03:29.000Z,2,1,,1,조회 200회,2026-02-17 21:52:00
https://www.threads.com/@arch_dotori/post/DU0qsv2E-GS,"MAC 이거 하나는 진짜 인생템임...
쌩얼에 발라도 절대 안뜨는 미친놈임 ?? 
1
/
2",조회 4.4만회,2026-02-16T14:56:12.000Z,103,3,12,23,조회 5.8천회,2026-02-17 21:52:15
https://www.threads.com/@arch_dotori/post/DU0qgoGk8OA,"전철에서 맞은편에 앉아 있던 사람이 이거 신고 있었는데
그냥 귀엽다… 하고 보고 있다가
앞코에 NIKE 마크 붙어있는 거 보고 충격 먹음;;
나이키는 도대체 어디까지 천재인 거임? 
1
/
2",조회 1.5만회,2026-02-16T14:54:32.000Z,72,1,1,11,조회 1.5천회,2026-02-17 21:52:28
https://www.threads.com/@arch_dotori/post/DU0qW-Fk7C_,"레이디두아 신혜선 시계 카르티에인줄 알았음;;
가격 알고 더 놀람 이 퀄리티가 말이 됨???
숨겨진 갓성비임ㅋㅋㅋ 
1
/
2",조회 26만회,2026-02-16T14:53:13.000Z,123,4,1,16,조회 3.6만회,2026-02-17 21:52:42
https://www.threads.com/@arch_dotori/post/DU0pqx_E_5-,"마스크팩할때 이렇게 안하면 손해임
흡수력 2배는 올라가니까 저장해두고
팩할때 이렇게 붙여봐???? 
1
/
2",조회 638회,2026-02-16T14:47:11.000Z,1,1,,0,조회 60회,2026-02-17 21:52:56
https://www.threads.com/@arch_dotori/post/DU0pNmxkz5E,"남친 가방 자라껀데..내가 뺏어가서 쓰는중;; ??
보테가 감성에 노트북도 넉넉함.
바리바리 보부상 여친들 필구템임?? 
1
/
2",조회 303회,2026-02-16T14:43:12.000Z,1,1,,0,조회 63회,2026-02-17 21:53:10
https://www.threads.com/@arch_dotori/post/DU0o465E8TA,"무인양품에서 만두를 판다고?
누가 사먹어 했는데.. 나임ㅋㅋㅋㅋ
속재료가 비비고랑 차원 다름;; 이건 찐이다?? 
1
/
2",조회 171회,2026-02-16T14:40:23.000Z,1,1,,0,조회 46회,2026-02-17 21:53:23
https://www.threads.com/@arch_dotori/post/DU0oUPwkwWj,"세탁소 사장님한테 혼남;;
내 영업기밀 왜 알려주냐고??
버리려던 옷 살린 건 진짜 사기임ㅋㅋ ? 
1
/
2",조회 2.2만회,2026-02-16T14:35:22.000Z,15,1,1,0,조회 2.3천회,2026-02-17 21:53:37
https://www.threads.com/@arch_dotori/post/DU0nru5ExtZ,"내 피부과 비용 누가 훔쳐갔냐?
무인양품 쌀겨 발효액 하나로 속건조 박멸함;;
SK-II급 퀄리티가 이 가격이면 반칙임 ㅋㅋ ? 
1
/
2",조회 208회,2026-02-16T14:29:51.000Z,1,1,,0,조회 42회,2026-02-17 21:53:50
https://www.threads.com/@arch_dotori/post/DU0nT02E-ct,"내가 사본 것 중 제일 무서운템!! ??
진짜 신급임!! 물만 묻혀서 살짝 문지르면 빨간 기름 얼룩 바로 사라짐…
내 MUJI 잠옷 살려줬다 진짜 ??
빨고 나니까 거의 표백한 것처럼, 웬만한 얼룩 다 없어짐!
역시 일본 청소템은 클라스 다르다… 알았으면 몇 개 더 사올 걸 그랬어!!! 
1
/
2",조회 1.4천회,2026-02-16T14:26:35.000Z,2,1,,1,조회 79회,2026-02-17 21:54:04
https://www.threads.com/@arch_dotori/post/DU0m9Phk3uJ,"나 이거 바르고 갔는데
친구가 샤넬 샀냐고 물어봄;;
맥이라고 하니까 개충격받음 ㅋㅋ
발색, 발림성, 촉촉함 다 미쳤음 ??? 
1
/
2",조회 5.9천회,2026-02-16T14:23:30.000Z,30,6,1,5,조회 655회,2026-02-17 21:54:18
https://www.threads.com/@arch_dotori/post/DU0lib_k4n_,"이 조합 추천해준 쓰친이 새해 복 다섯번 받자??
주 1회만 쓰는데 피부에 광이 돌고
뽀얗게 되는데 진짜 미쳤음;;? 
1
/
2",조회 6.7천회,2026-02-16T14:11:06.000Z,26,1,4,5,조회 734회,2026-02-17 21:54:32
https://www.threads.com/@arch_dotori/post/DU0lN-cE5qu,"셀린느 세즈 맛 나네
여자들 그냥 못지나칠텐데...
하 또 지갑 열어야겠다 ?? ㅜㅜ 
1
/
2",조회 1.3만회,2026-02-16T14:08:18.000Z,7,1,,3,조회 535회,2026-02-17 21:54:45
https://www.threads.com/@arch_dotori/post/DU0jEfwE826,"친구가 내 입술 보더니
샤넬 신상이냐고 물어봄ㅋㅋ
올영에서 집어온 만 원짜리
틴트라고는 말 못함;;?? 
1
/
2",조회 1.4천회,2026-02-16T13:49:32.000Z,4,1,,3,조회 124회,2026-02-17 21:54:59
https://www.threads.com/@arch_dotori/post/DU0c_ook_Ye,"이거 요즘 일본에서 난리 난 정착템임??
작은 패드 하나로 메이크업 전에 습포하면
피부 촉촉 + 유분 정리까지 한 번에?? 
1
/
2",조회 611회,2026-02-16T12:56:26.000Z,4,1,,1,조회 34회,2026-02-17 21:55:13
https://www.threads.com/@arch_dotori/post/DUvYlKHE_CR,"아 진짜 짜증나게 이게 뭐임..
이거 말고 세박스 더 사놨는데..
벌써 다먹었네 진짜 인생 초코떡이다????
그냥 맛의 신세계 보여주네ㅋㅋ 개미쳤다 
1
/
2",조회 410회,2026-02-14T13:41:40.000Z,3,1,,0,조회 52회,2026-02-16 20:26:18
https://www.threads.com/@arch_dotori/post/DUvWU56E9zX,"인스타에서 자주보이는 티핏 파데
3색 쿠션이라 조절 쉬운 건 알겠지만
피부 고민별로 쓰는 법 다른 거 알고 있었어? 
1
/
2",조회 176회,2026-02-14T13:21:59.000Z,2,1,,0,조회 25회,2026-02-16 20:26:32
https://www.threads.com/@arch_dotori/post/DUvSuR7kx-3,"이 쿠션 레전드라는 말 괜히 나온 게 아님???
진짜 도자기 피부 됨;;
너무 매끈해져서 당황스러움.;;
이거 안 써본 사람 없게 해주세요 제발 
1
/
2",조회 1.3천회,2026-02-14T12:50:29.000Z,2,1,1,0,조회 49회,2026-02-16 20:26:46
https://www.threads.com/@arch_dotori/post/DUvR-j7k0OD,"엄마가 장볼때 무조건 이거 사오래요ㅋㅋㅋ
코스트코 필수템??
이걸로 갈비 만드니까 바로 그 명절 갈비찜 맛 남;
성분 좋은데 양만 많았으면ㅠㅠ
보이면 무조건 두 병 집자!! 후회 안 함 진짜?? 
1
/
2",조회 217회,2026-02-14T12:43:58.000Z,2,1,,0,조회 14회,2026-02-16 20:26:59
https://www.threads.com/@arch_dotori/post/DUvReNLE3s3,"친척들이 피부 왜케 좋냐고 자꾸 물어봄;; 당황쓰?? 올영 가서 이거 안 사면 진짜 손해라니까ㅋㅋ
1등인 이유가 있음??
피부 표현 미쳤으니까 제발 테스트만이라도 해보셈!! 
1
/
2",조회 124회,2026-02-14T12:39:33.000Z,1,1,,0,조회 18회,2026-02-16 20:27:13
https://www.threads.com/@arch_dotori/post/DUvREU1E6oN,"친구가 오늘 샵 다녀왔냐고 물어봄;;
나 집에서 했는데??
진짜 별거 없는데 눈매 깔끔하고 또렷해짐????
곰손들도 쌉가능이니까 꼭 저장하고 따라 해보셈!! 
1
/
2",조회 877회,2026-02-14T12:36:01.000Z,2,1,,0,조회 23회,2026-02-16 20:27:27
https://www.threads.com/@arch_dotori/post/DUvQWKAE5T1,"어린이집에 이거 하나 들고 가봐..???♀?
스벅 투고백 하나 들고 갔는데 쌤들 반응 넘 좋음??센스 좋다고 호평일색ㅋㅋㅋ
커피 수혈 필요하실 때 딱임! 
1
/
2",조회 257회,2026-02-14T12:29:43.000Z,2,1,,0,조회 23회,2026-02-16 20:27:41
https://www.threads.com/@arch_dotori/post/DUtIN1sEwPd,"남자친구가 설날 선물로 준 크로와상 키링????
내가 빵순이인 거 어케 알고 사 옴.. 센스 미쳤음??
너무 귀여워서 가방에 달고 동네방네 자랑 중ㅋㅋㅋ 
1
/
2",조회 721회,2026-02-13T16:40:12.000Z,2,1,,1,조회 121회,2026-02-14 21:01:52
https://www.threads.com/@arch_dotori/post/DUtG24jkwyA,"무인양품에서 샤넬 112 영혼까지 복제한 립 발견;;??
색감 ㄹㅇ 1도 차이 없는데
가격은 거의 5분의 1임 샤넬 살 돈으로
이거 5개 사셈 진짜ㅋㅋ 당장 가보셈?? 
1
/
2",조회 475회,2026-02-13T16:28:19.000Z,2,1,,0,조회 109회,2026-02-14 21:02:09
https://www.threads.com/@arch_dotori/post/DUtFR-2k756,"짝남이 독서실에 두고감..??
꺅?? 넘 창의적으로 설레잖아~~~?? 
1
/
2",조회 3만회,2026-02-13T16:14:33.000Z,10,5,,4,조회 343회,2026-02-14 21:02:23
https://www.threads.com/@arch_dotori/post/DUtEHPXk3Ts,"목주름 화장품 사지 마세요..
이걸로 그냥 쌉가능;;??
나 목주름 하나도 없는데 일주일 몇 번
새끼손톱만큼만 발라줌??
진짜 이게 최고임. 괜히 비싼 거 쓰지 말고
이거 써보셈ㅋㅋ 
1
/
2",조회 124회,2026-02-13T16:04:21.000Z,2,1,,0,조회 69회,2026-02-14 21:02:38
https://www.threads.com/@arch_dotori/post/DUtC_tkE4EB,"일본서 못 사와서 한이었는데 한국에도 있네??????
내 앞머리 지켜템!! 떡지는 거 5분 만에 사수함;; 넘좋앙ㅠㅠ 
1
/
2",조회 1.2만회,2026-02-13T15:54:35.000Z,33,1,3,15,조회 854회,2026-02-14 21:02:52
https://www.threads.com/@arch_dotori/post/DUqkFcYE6Zs,"머리 긴 애들아 제발 그냥 이거 사;;
아인슈타인 놀라서 관짝에서 일어날 예정임
페이스타올인데 물 흡수력이 그냥 미쳤음.
머리 말리는 시간 3배 줄여주는
‘타임머신’ 수건임 진짜;; 
1
/
2",조회 17회,2026-02-12T16:46:00.000Z,1,1,,0,조회 16회,2026-02-13 10:53:26
https://www.threads.com/@arch_dotori/post/DUqjeAsE-CM,"총무팀 신입한테 시계사랬더니 이거 사서 
단체 꼬리보기 중 
1
/
2",조회 2.2천회,2026-02-12T16:40:37.000Z,2,1,,1,조회 54회,2026-02-13 10:54:27
https://www.threads.com/@arch_dotori/post/DUqjLe5k0CV,"일본여행갔을때 친구들이 그렇게 집어 넣더만..
이유가 있었어...이제 안게 넘 속상?? 
1
/
2",조회 4.5천회,2026-02-12T16:38:05.000Z,8,1,,0,조회 186회,2026-02-13 10:55:17
https://www.threads.com/@arch_dotori/post/DUqiphzE-g2,"2개월 동안 장바구니에 모셔둔
더로우? 오늘부로 삭제함;;??
자라가 사고친 덕분에 앉은 자리에서
200만 원 벌었다 명품 브랜드 반성해야됨 진짜;; 
1
/
2",조회 1.8천회,2026-02-12T16:33:27.000Z,1,1,,0,조회 78회,2026-02-13 10:56:09
https://www.threads.com/@arch_dotori/post/DUqhrO5k5HY,"일본 가서 제발 1만 엔짜리 사지 말고
‘1만 원’짜리 이거 사오셈;; 
밥풀 1톨도 안 달라붙어서
설거지 3초면 끝남 진짜?? 
1
/
2",조회 1.9천회,2026-02-12T16:24:56.000Z,5,1,,0,조회 46회,2026-02-13 10:56:53
https://www.threads.com/@arch_dotori/post/DUqgy_ME0tP,"실제 1930년대 항해서의 라이터 ♥???
옛날 디자인은 정말 맛있어 최고야 
1
/
2",조회 2.0만회,2026-02-12T16:17:16.000Z,49,4,4,9,조회 329회,2026-02-13 10:57:35
https://www.threads.com/@arch_dotori/post/DUqeNNIk3te,"이 레깅스 신고 헬스장 갔더니
헬스장 아저씨 나한테
하체 알려준다고 말걸음ㅋㅋ???? 
1
/
2",조회 1.9천회,2026-02-12T15:54:38.000Z,2,1,,0,조회 25회,2026-02-13 10:58:27
https://www.threads.com/@arch_dotori/post/DUpnjBak9I1,"뉴욕 애들은 간식도 이렇게 먹음;;
친구 통이 너무 예뻐서 끈질기게 물어보고
나도 바로 손민수함??
이거 쓰고 진짜 삶의 질 수직상승함..?? 
1
/
2",조회 1.4천회,2026-02-12T07:57:00.000Z,7,1,,0,조회 67회,2026-02-13 10:59:26
https://www.threads.com/@arch_dotori/post/DUoBlP3kxAp,"동생이 외모정병 걸려서, 압구정 피부과에서 쓰는 페이스타올을 사왔음
솔직히 수건 쓰면 되지 이게 큰 효과가 있을까 싶었는디;;
달고살던 오른쪽 여드름 구역 싹 말끔해졌음..!!!!
이게 되네?ㅋㅋ 
1
/
2",조회 1.1천회,2026-02-11T17:06:01.000Z,5,1,,1,조회 76회,2026-02-13 11:00:10
https://www.threads.com/@arch_dotori/post/DUoAvLokyoj,"오니츠카 중엔.. 얘가 끝판왕임 ???
청바지 + 슬랙스 + 치마 = 전부 다 먹혀 ?????♀?
색감도 미쳤고, 배색이 사람 미치게 해..ㅠ 
1
/
2",조회 239회,2026-02-11T16:58:38.000Z,1,1,,0,조회 22회,2026-02-13 11:01:09
https://www.threads.com/@arch_dotori/post/DUoAdgHk1Oe,"이 조합 추천해준 쓰친이 새해 복 다섯번 받자??
주 1회만 쓰는데 피부에 광이 돌고
뽀얗게 되는데 진짜 미쳤음;;? 
1
/
2",조회 1.7천회,2026-02-11T16:56:14.000Z,6,1,,1,조회 119회,2026-02-13 11:01:57
https://www.threads.com/@arch_dotori/post/DUlfj8-k1Gz,"솔직히 친구가 호들갑 떨면서 무조건 사라고
장바구니 담아줬을때 까지도 별생각 없었는데
얇게 잘 그려지는게 차원이 다른 거 같음??
친구야 고맙다..?? 
1
/
2",조회 582회,2026-02-10T17:30:16.000Z,1,1,1,0,조회 60회,2026-02-13 11:02:54
https://www.threads.com/@arch_dotori/post/DUleI4Mk_Jz,"????일본 친구가 왜 그렇게 쟁여두는지
써보자마자 바로 이해됨??
이 발색이랑 보습력에 5000원은 솔직히 사기임 
1
/
2",조회 348회,2026-02-10T17:17:50.000Z,1,1,1,0,조회 34회,2026-02-13 11:03:42
https://www.threads.com/@arch_dotori/post/DUldpIzk78l,"차정원이 쿠팡에서
양말 20~30켤레 쟁인다는 말 듣고
나도 반신반의로 질렀는데…
와… 이거 왜 쟁이는지 바로 이해됨 ??
발에 착? 붙는 느낌 미쳤고
하루 종일 신어도 흘러내림 없음 ㅠㅠ
이건 진짜 여러 켤레 쟁여야 되는 타입 ?? 
1
/
2",조회 1.5천회,2026-02-10T17:13:30.000Z,1,1,,0,조회 84회,2026-02-13 11:04:36
https://www.threads.com/@arch_dotori/post/DUldFk6k3e_,"노메이크면 왜 눈부터 죽는지 아는 사람…???♀?
이거 한 번만 발라도
“어? 오늘 화장했어?” 소리 나옴?? 
1
/
2",조회 2천회,2026-02-10T17:08:39.000Z,4,1,2,0,조회 126회,2026-02-13 11:05:38
https://www.threads.com/@arch_dotori/post/DUlcdxDk-GT,"????일본가서 이거 샀는데, 다크서클 싹- 없어짐
눈 밑이 밝아지고, 얼굴 살이 올라와?? 
1
/
2",조회 797회,2026-02-10T17:03:13.000Z,2,1,,1,조회 38회,2026-02-13 11:06:21
https://www.threads.com/@arch_dotori/post/DUlbQQvE12M,"ㅅㅂ 진짜 개돌았네
진짜 괜히 번따유발템 아니다
모르는 사람이 갑자기 붙잡고 '키스해도되요?'
이러..길래 도망쳤다
으른미+소녀미 둘다 잡을 수 있는게
가능하긴 했음??? 
1
/
2",조회 2.6천회,2026-02-10T16:52:38.000Z,14,1,1,2,조회 240회,2026-02-13 11:07:08
https://www.threads.com/@arch_dotori/post/DUkjDayE30g,"오늘 지하철에서... 모르는 훈남이 말 걸었음??
향수 안 뿌렸는데, 뭐 쓰냐고 물어봄??
샤워 후에 잔향이 밤까지 버팀 ㄹㅇ 
1
/
2",조회 397회,2026-02-10T08:41:32.000Z,1,1,,0,조회 45회,2026-02-13 11:08:05
https://www.threads.com/@arch_dotori/post/DUkhdYAE3VZ,"솔직히 알려주고 싶어도 알려줄 수 없었음..
브러쉬 물어보는 사람이 너무 많았는데
품절이었거든? 
다행히 똑같이 생긴거 찾아옴ㅋㅋ 
1
/
2",조회 453회,2026-02-10T08:27:36.000Z,1,1,3,0,조회 54회,2026-02-13 11:08:56
https://www.threads.com/@arch_dotori/post/DUkdT-2k61X,"와 진짜 미쳤다... 장원영 눈동자 필터 낀 줄?
이거 렌즈야 물방울이야??
이슬같이 촉촉해서 분위기 그냥 종결임.
친구한테 보내서 빨리 친구 장원영 만들어ㅋㅋ 
1
/
2",조회 960회,2026-02-10T07:51:22.000Z,4,1,,0,조회 36회,2026-02-13 11:09:56
https://www.threads.com/@arch_dotori/post/DUkcarlE14g,"아니ㅋㅋ 그냥 샤넬 색이랑 비슷해서 샀는데
친구들이 만날 때마다 100번은 물어봄
'너 왜 밥 먹었는데 입술 그대로임?'
남자친구는 아직도 내 쌩얼 모른다?? 
1
/
2",조회 782회,2026-02-10T07:43:33.000Z,7,1,,2,조회 64회,2026-02-13 11:10:47
https://www.threads.com/@arch_dotori/post/DUjE2Ook1f_,"제니가 왜 HERA 고집하는지
나도 바르고 바로 이해함;;
쌩얼에 슥 발라도 안 뜨는 게 말이 됨?
분위기만 200% 바뀜? 
1
/
2",조회 1.3천회,2026-02-09T18:58:21.000Z,3,1,,0,조회 75회,2026-02-13 11:11:44
https://www.threads.com/@arch_dotori/post/DUinySHE5br,"와... 이거 브라운이야 핑크야? ??
솔직히 처음엔 애매하다고 생각했는데
오늘 이거 바르고 나갔다가 ""왤케 이뻐졌냐""
질문 10번도 넘게 받은듯..?? 
1
/
2",조회 555회,2026-02-09T14:44:24.000Z,4,1,,0,조회 53회,2026-02-13 11:12:33
https://www.threads.com/@arch_dotori/post/DUinpJ5Ez7c,"아이라인 그리기 힘든 사람 무조건 보셈!! ?
섀도우로 슥슥 그리는데 완성도 미쳤지ㅋㅋ
슥슥 하면 눈크기 바로 두배ㄷㄷ??
나 이제 펜슬 다 버리고 이걸로 정착한다.. 
1
/
2",조회 884회,2026-02-09T14:43:10.000Z,9,1,1,1,조회 24회,2026-02-13 11:13:15
https://www.threads.com/@arch_dotori/post/DUinRnDkw5o,"진짜 이거 바른 날 확실히 다르다고 느끼는게..
이거 바른 날만 남자친구가 내 입술 보는게 다름
내 눈 안보고 내 입술만 끈덕지게 쳐다봄ㅋㅋ???? 
1
/
2",조회 492회,2026-02-09T14:39:57.000Z,1,1,,0,조회 18회,2026-02-13 11:14:07
https://www.threads.com/@arch_dotori/post/DUikmqTE_uZ,"차장님이 탕비실로 불러서 시술받았냐고 추궁함??
나도 이거 잘 몰라서 둘러 댔는데 
하루에 10번도 더 넘게 물어보더라??
덕분에 이름도 찾아봄..?? 
1
/
2",조회 1.3천회,2026-02-09T14:16:36.000Z,7,1,1,1,조회 188회,2026-02-13 11:15:00
https://www.threads.com/@arch_dotori/post/DUa4s99E-0T,"아니 3초만에 화질이 바뀌네;;;??
하.. 그냥 이제 보정어플 삭제한다
이거 추천해준 쓰친이 평생 적게 일하고
많이 벌어가???? 
1
/
2",조회 651회,2026-02-06T14:38:18.000Z,1,1,,1,조회 77회,2026-02-13 11:15:58
https://www.threads.com/@arch_dotori/post/DUa3sNDk_QF,"???? 한국 샤넬은, 얘가 먹여 살린대 ??
톤 안 타는 ""장미"" 컬러가 넘 이쁨ㅠ ???
백화점엔 매번 품절인데, 겨우 구했어ㅎㅎ 
1
/
2",조회 522회,2026-02-06T14:29:28.000Z,2,1,,0,조회 66회,2026-02-13 11:16:46
https://www.threads.com/@arch_dotori/post/DUa3N1Wk-f3,"으앙... 부끄러워ㅠㅠ ??
바르고 닦으니.. 겨드랑이에 이만큼 나옴 ??
겨 환해져서 너무 당황함 ㅋㅋㅋ?
이거 진짜 써봐... 미쳤어ㅠ???? 
1
/
2",조회 289회,2026-02-06T14:25:19.000Z,1,1,,0,조회 42회,2026-02-13 11:17:34
https://www.threads.com/@arch_dotori/post/DUa2na2k6O6,"???? 일본 무인양품.. 지금 난리남 ㅋㅋ
코에 몇 번 스-윽 바르니까 블랙헤드 순삭됨;;
피부과 다니는 친구가,
왜 이제 알려주냐고 함??????? 
1
/
2",조회 193회,2026-02-06T14:20:04.000Z,1,1,,0,조회 34회,2026-02-13 11:18:27
https://www.threads.com/@arch_dotori/post/DUa2W6xk_Nr,"아이라인 그리기 힘든 사람 무조건 보셈!! ?
섀도우로 슥슥 그리는데 완성도 미쳤지ㅋㅋ
슥슥 하면 눈크기 바로 두배ㄷㄷ??
나 이제 펜슬 다 버리고 이걸로 정착한다.. 
1
/
2",조회 1.7천회,2026-02-06T14:17:49.000Z,7,1,1,3,조회 51회,2026-02-13 11:19:22
https://www.threads.com/@arch_dotori/post/DUa0vhVkyyI,"진짜 평생 쓸 정착템 찾음..??
이거 바른 날은 누가 입술 뭐냐고 꼭 물어본다??
보정 1도 없는 기카 발색인데
색감 미쳤지ㅋㅋㅋㅋ 
1
/
2",조회 1.8만회,2026-02-06T14:03:42.000Z,35,1,1,7,조회 1.3천회,2026-02-13 11:20:19
https://www.threads.com/@arch_dotori/post/DUayqqJE7dm,"'무인양품' 신상.. 목주름 로션?? 이거 미침ㅠ
반 통도 안 썼는데, 느낌 확- 달라져서 당황함??
일본 왜 이렇게, 잘 만드냐구 진짜 ?????♀????? 
1
/
2",조회 1.8천회,2026-02-06T13:45:34.000Z,6,1,,0,조회 105회,2026-02-13 11:21:20
https://www.threads.com/@arch_dotori/post/DUayDxVkzaZ,"YSL 크림 블러셔 44호랑
색감 거의 같은데 가격이 1/10… 이게 말이 돼? ??
나만 알기 아까워서 공유한다?? 
1
/
2",조회 523회,2026-02-06T13:40:15.000Z,3,1,,0,조회 38회,2026-02-13 11:22:07
https://www.threads.com/@arch_dotori/post/DUaxjirE01O,"아니 인생 헛살았네..????
화장 다 뜨는 이유가 파데가 아니었음..
같은 파데 써도 밀착력 67배 증가함?? 
1
/
2",조회 388회,2026-02-06T13:35:51.000Z,3,1,,0,조회 33회,2026-02-13 11:22:49
https://www.threads.com/@arch_dotori/post/DUantWgE-vO,"와... 이거 브라운이야 핑크야? ??
솔직히 처음엔 애매하다고 생각했는데
오늘 이거 바르고 나갔다가 ""왤케 이뻐졌냐""
질문 10번도 넘게 받은듯..?? 
1
/
2",조회 1.6천회,2026-02-06T12:09:49.000Z,7,3,,0,조회 170회,2026-02-13 11:23:52
https://www.threads.com/@arch_dotori/post/DUYl-wsEzIc,"아니 미쳤네;;;;
일본 여행하다 반가워서 한번 테스트 해봤단말임
이 핸드크림 딥티크 무화과랑 향이 똑같은데?
괜찮은거 찾아서 좋긴한데..
아 쫌 왠지 손해본 기분이야ㅋㅋ
그래도 가방에 쑤셔넣고 쓰기 좋아서 암튼 쓰는 중 
1
/
2",조회 1천회,2026-02-05T17:16:14.000Z,1,1,,0,조회 74회,2026-02-13 11:24:44
https://www.threads.com/@arch_dotori/post/DUYlEcVk_23,"요즘 파데에 세럼 살짝 섞어서 바르는데
이렇게만 해도 회장도 뜨는거 싹 사라지고
밤까지 당김없이 왼전 멀쩡함ㄷㄷ
꼭 따라해봐?? 
1
/
2",조회 636회,2026-02-05T17:08:16.000Z,1,1,,0,조회 62회,2026-02-13 11:25:30
https://www.threads.com/@arch_dotori/post/DUYi_WKE57n,"차정원이 쿠팡에서
양말 20~30켤레 쟁인다는 말 듣고
나도 반신반의로 질렀는데…
와… 이거 왜 쟁이는지 바로 이해됨 ??
발에 착? 붙는 느낌 미쳤고
하루 종일 신어도 흘러내림 없음 ㅠㅠ
이건 진짜 여러 켤레 쟁여야 되는 타입 ?? 
1
/
2",조회 2.2만회,2026-02-05T16:50:06.000Z,155,1,13,22,조회 1.6천회,2026-02-13 11:26:14
https://www.threads.com/@arch_dotori/post/DUYiwImk7-y,"아니 진짜… 
나스는 여자 입술 연구하다가
논문 쓴 거 아니야? ??
건조함, 입술 주름 싹 잡아주고 
색상은 그냥 미쳤어….
하… 웰케 이쁨 
1
/
2",조회 610회,2026-02-05T16:48:01.000Z,3,1,,1,조회 52회,2026-02-13 11:27:07
https://www.threads.com/@arch_dotori/post/DUYiSzmE73H,"제발 쓰친이들..
일본 가면 이 마스카라는 무조건 구해와!!
진짜 너무 좋아서 나도 쟁여옴.. ???? 
1
/
2",조회 1.6천회,2026-02-05T16:44:01.000Z,5,1,,0,조회 88회,2026-02-13 11:28:07
https://www.threads.com/@arch_dotori/post/DUYh8pRE3fm,"이제야 릴리바이레드 어떻게 바르는지 알았다!!! 
1
/
2",조회 1만회,2026-02-05T16:40:59.000Z,68,7,1,8,조회 1.3천회,2026-02-13 11:28:49
https://www.threads.com/@arch_dotori/post/DUYhv3Yk_4j,"???? 일본 무인양품에서 이게 왜 난리냐면…
코에 그냥 쓱쓱 문질렀을 뿐인데
블랙헤드가 바로 삭제ㄷㄷ??
피부과 다니는 친구도 이걸로 갈아탐?? 
1
/
2",조회 590회,2026-02-05T16:39:15.000Z,3,1,,0,조회 65회,2026-02-13 11:29:40
https://www.threads.com/@arch_dotori/post/DUYhe-rk9oR,"눈썹 검고 굵어서
뭐만 해도 인상 세 보인다는 말 들어본 사람?
이거 눈썹 결은 그대로인데
그리자마자 사람 인상이 갑자기 순해짐
진짜 나만 알기 아깝다.. 
1
/
2",조회 997회,2026-02-05T16:36:56.000Z,4,1,,0,조회 81회,2026-02-13 11:30:40
https://www.threads.com/@arch_dotori/post/DUYhAUok4Cw,"방금 MAC 립 크렘 인 커피 발견했는데
와.. 이 색감 무슨일이야 진짜 미쳤다???? 
1
/
2",조회 731회,2026-02-05T16:32:45.000Z,3,1,1,0,조회 44회,2026-02-13 11:31:30
https://www.threads.com/@arch_dotori/post/DUYcq0ak6m-,"아니; 요즘 입술이 너무 갈라지는거야
립 발라도 안 예쁘고 계속 스트레스였거든??
이거 바르자마자
입술 색 돌아오고 매끈해짐…
이제 어두운 입술 아님 ????? 
1
/
2",조회 28회,2026-02-05T15:54:52.000Z,1,1,,0,조회 22회,2026-02-13 11:32:13
https://www.threads.com/@arch_dotori/post/DUVzz_Yk78Z,"진짜 남자친구한테 미안하다
내가 직접 손뜨개질 했다고 준 머플러,
사실 이거로 딸깍해서 만들었음ㅋㅋ
엄청 감동받던데..?? 
1
/
2",조회 551회,2026-02-04T15:19:22.000Z,2,1,,1,조회 98회,2026-02-13 11:33:06
https://www.threads.com/@arch_dotori/post/DUVzGy1k-x3,"노메이크면 왜 눈부터 죽는지 아는 사람…???♀?
이거 한 번만 발라도
“어? 오늘 화장했어?” 소리 나옴?? 
1
/
2",조회 2.7만회,2026-02-04T15:13:12.000Z,131,1,15,39,조회 2천회,2026-02-13 11:34:00
https://www.threads.com/@arch_dotori/post/DUVy0Fck9ys,"아니 이거 바른 날은 꼭 화따 당하네;;
샤워 후에 자연스럽게 올라오는 그 혈색 느낌이라
과하지 않은데 엄청 깔끔하고 프레시함
요즘 이것만 쓰는 중 ?? 
1
/
2",조회 5.3천회,2026-02-04T15:10:39.000Z,8,1,1,0,조회 497회,2026-02-13 11:34:46
https://www.threads.com/@arch_dotori/post/DUVyRIrE35O,"이 조합 추천해준 쓰친이 자기전에 생각난다;;???♂?
주 1회만 쓰는데 피부에 광이 돌고
뽀얗게 되는데 진짜 미쳤음;;? 
1
/
2",조회 1.7천회,2026-02-04T15:05:52.000Z,6,1,,1,조회 148회,2026-02-13 11:35:30
https://www.threads.com/@arch_dotori/post/DUVxPzfkyRq,"아니 외국인들이 한국와서 스너글 다 쓸어가던데
왜 그런 거야...? 미국 브랜드 아님?? 
1
/
2",조회 1.7천회,2026-02-04T14:56:57.000Z,2,1,,0,조회 160회,2026-02-13 11:40:08
https://www.threads.com/@arch_dotori/post/DUVHO7RkynB,"색감 미쳤다는 말 이럴 때 쓰는 거지
조녜 쌉가능 립 안 산 사람 없게 해주세요..?? 
1
/
2",조회 293회,2026-02-04T08:49:50.000Z,2,1,,0,조회 43회,2026-02-13 11:41:06
https://www.threads.com/@arch_dotori/post/DUQsJcTk4lN,"이거 일주일 따라하고 “살 빠졌어?” 소리 들음
윤곽 브러시 하나로 인상 바뀌는 거 완전가능
믿고 문질러?? 
1
/
2",조회 613회,2026-02-02T15:36:12.000Z,1,1,,0,조회 84회,2026-02-13 11:41:51
https://www.threads.com/@arch_dotori/post/DUQrENjk1ZL,"CANMAKE 요즘 너무 열일함;;
샵 안 가도 집에서 살롱 네일 퀄리티 실화냐??
이 가격에 이 완성도면… 그냥 반칙임 ??? 
1
/
2",조회 384회,2026-02-02T15:26:44.000Z,3,1,,0,조회 54회,2026-02-13 11:42:46
https://www.threads.com/@arch_dotori/post/DUQqznJE6TQ,"와 미쳤다… Judydoll 쉐딩이 미니로 나왔다고??
가방에 달고 다녀야지??
고민할 틈도 없이 마지막 하나 바로 집어옴?? 
1
/
2",조회 284회,2026-02-02T15:24:28.000Z,1,1,,0,조회 40회,2026-02-13 11:43:30
https://www.threads.com/@arch_dotori/post/DUQDqBhE599,"눈에 딸기 과즙 한 방울 떨군 렌즈 발견;; ??
원래 내 눈동자인 것처럼 자연스러운데, 
빛 받으면 핑크빛이 슥 돌아.. 
끼자마자 눈가가 묘하게 촉촉해 보여서 
분위기 200% 올려줌 
1
/
2",조회 863회,2026-02-02T09:42:23.000Z,8,3,,3,조회 90회,2026-02-13 11:44:12
https://www.threads.com/@arch_dotori/post/DUQCnFUE_Gn,"샤넬 쓰는덴 다 그만한 이유가 있다..
바로 증명해주네??
운동하고 난 뒤처럼 맑게 올라오는 홍조라
자연스러운 혈색? 말 안된다~~?? 
1
/
2",조회 266회,2026-02-02T09:33:14.000Z,2,3,,0,조회 52회,2026-02-13 11:44:54
https://www.threads.com/@arch_dotori/post/DUONFduE_yh,"화장 전 3초 더 써서
모공이 삭제하고 도자기 피부되는 법
바로 알려드림?? 
1
/
2",조회 686회,2026-02-01T16:26:17.000Z,5,1,,2,조회 70회,2026-02-13 11:45:44
https://www.threads.com/@arch_dotori/post/DUOMR4Tkyak,"인스타에서 자주보이는 티핏 파데
3색 쿠션이라 조절 쉬운 건 알겠지만
피부 고민별로 쓰는 법 다른 거 알고 있었어? 
1
/
2",조회 7.5천회,2026-02-01T16:19:15.000Z,66,1,12,14,조회 128회,2026-02-13 11:46:43
https://www.threads.com/@arch_dotori/post/DUOL9UvE9cM,"올리브영에서 6초에 하나씩 팔린다는데?
다크서클 심한 사람들 이거 진짜 꼭 봐..
커버력 좋은데 촉촉하고,
텁텁한 느낌도 없음… 이건 진짜 평생템임?? 
1
/
2",조회 1천회,2026-02-01T16:16:26.000Z,2,1,,2,조회 75회,2026-02-13 11:47:37
https://www.threads.com/@arch_dotori/post/DUOLLCZkzCF,"웬만한 피부톤은 이거 다 무난하게 어울릴 듯
색이 워낙 자연스럽긴 해서?? 
1
/
2",조회 37회,2026-02-01T16:09:34.000Z,2,1,,0,조회 31회,2026-02-13 11:48:30
https://www.threads.com/@arch_dotori/post/DUL45jck3Jx,"????일본 친구가 왜 그렇게 쟁여두는지
써보자마자 바로 이해됨??
이 발색이랑 보습력에 500엔은 솔직히 반칙임 
1
/
2",조회 9.1천회,2026-01-31T18:51:25.000Z,14,2,1,3,조회 349회,2026-02-13 11:49:18
https://www.threads.com/@arch_dotori/post/DUL02Bsk3FK,"노메이크면 왜 눈부터 죽는지 아는 사람…???♀?
이거 한 번만 발라도
“어? 오늘 화장했어?” 소리 나옴?? 
1
/
2",조회 919회,2026-01-31T18:15:59.000Z,9,1,,1,조회 95회,2026-02-13 11:50:13
https://www.threads.com/@arch_dotori/post/DUGJ4P-kzrf,"남편은 필요 없다고 딱 잘라 말했는데…
솔직히 이거 없으면 못 살겠음
지금은 매일 쓰는 중?? 
1
/
2",조회 1.5천회,2026-01-29T13:24:21.000Z,3,1,,0,조회 78회,2026-02-13 11:50:56
https://www.threads.com/@arch_dotori/post/DUGI8pmE7p5,"????일본 가면 언니가 집요하게 말하던 그거,,,
써보니까 아… 그래서였구나 바로 이해됨.,,,,
말라 비틀어졌던 뒤꿈치가 말캉해지고,,
갈라질 기미가 아예 사라짐.,,, 신세계였음.,,
한 번 바르면 보습 하루 종일 감,,..
끈적임 없어서 양말 신어도 괜찮움.,,,
요즘은 하루 한 번씩 꼬박 바르는 중.,,, 
1
/
2",조회 95회,2026-01-29T13:16:12.000Z,3,1,,0,조회 44회,2026-02-13 11:51:37
https://www.threads.com/@arch_dotori/post/DUGF9JOE_vo,"노메이크면 왜 눈부터 죽는지 아는 사람…???♀?
이거 한 번만 발라도
“어? 오늘 화장했어?” 소리 나옴?? 
1
/
2",조회 3.2천회,2026-01-29T12:50:04.000Z,22,1,1,0,조회 303회,2026-02-13 11:52:27
https://www.threads.com/@arch_dotori/post/DUFrhKRE2_B,"공홈 백화점 이미 품절대란??
샤넬공주 무희핑 고윤정 립 드디어 찾았다?? 
1
/
2",조회 975회,2026-01-29T08:59:03.000Z,5,1,,0,조회 76회,2026-02-13 11:53:20
https://www.threads.com/@arch_dotori/post/DUFnOoDE4Zm,"대충 따라 그리기만 하면 끝나는 거 진짜반칙??
돈도 시간도 아껴지는게 이거 진짜 사기임???? 
1
/
2",조회 706회,2026-01-29T08:21:34.000Z,1,1,,0,조회 39회,2026-02-13 11:54:05
https://www.threads.com/@arch_dotori/post/DUDidzzk-VQ,"화장 진하게 하면 안 어울렸었는데
이거 쓰고 감동함????
 아이섀도우는 진짜 한 번 써봐야 됨?? 
1
/
2",조회 1.1천회,2026-01-28T13:01:28.000Z,8,1,,0,조회 98회,2026-02-13 11:55:03
https://www.threads.com/@arch_dotori/post/DUDfFnKk5ov,"????일본에 사는 친구가 이거 추천해준 뒤로
이거 없으면 출근을 못함
진짜 미쳤다ㅠㅠ?? 
1
/
2",조회 396회,2026-01-28T12:31:57.000Z,1,1,,1,조회 81회,2026-02-13 11:55:55
https://www.threads.com/@arch_dotori/post/DUDYlzRE1Sb,"????일본 친구가 왜 그렇게 쟁여두는지
써보자마자 바로 이해됨??
이 발색이랑 보습력에 500엔은 솔직히 반칙임 
1
/
2",조회 7.8천회,2026-01-28T11:35:10.000Z,21,1,2,9,조회 393회,2026-02-13 11:56:56
https://www.threads.com/@arch_dotori/post/DUDN57AkwO3,"눈에 딸기 과즙 한 방울 떨군 렌즈 발견;; ??
원래 내 눈동자인 것처럼 자연스러운데, 
빛 받으면 핑크빛이 슥 돌아.. 
끼자마자 눈가가 묘하게 촉촉해 보여서 
분위기 200% 올려줌 
1
/
2",조회 1.1만회,2026-01-28T10:01:48.000Z,37,1,,6,조회 451회,2026-02-13 11:57:45
https://www.threads.com/@arch_dotori/post/DT2xfjXE8U2,"와 ㅁㅊ 이거 보고 진짜 소리 지름…??
인데 샤넬 색이랑 똑같음;;
올리브영에서 발견했고, 쌩얼에 발라도 너무 예쁨?? 
1
/
2",조회 1.9천회,2026-01-23T14:02:39.000Z,7,1,2,0,조회 244회,2026-02-13 11:58:35
https://www.threads.com/@arch_dotori/post/DT1fL9OE8jF,"이 조합 추천해준 쓰친이 찾는중 은혜갚고싶다???♂?
주 1회만 쓰는데 피부에 광이 돌고
뽀얗게 되는데 진짜 미쳤음;;? 
1
/
2",조회 1.2천회,2026-01-23T02:03:27.000Z,12,1,,3,조회 180회,2026-02-13 11:59:34
https://www.threads.com/@arch_dotori/post/DT0Wtiek596,"한국 샤넬, 얘가 다 먹여 살린대??
톤 안타는 '장미' 컬러가 너무 예뻐ㅠ???
백화점은 매번 품절인데 겨우 구했음 
1
/
2",조회 2.3천회,2026-01-22T15:30:09.000Z,6,1,1,2,조회 251회,2026-02-13 12:00:17
https://www.threads.com/@arch_dotori/post/DTv8LZpE2tm,"일본 여행 가 있는 사람!! 제발 이거 10개만 사다줘ㅠ 써봤는데 진짜 미쳤다ㅋㅋ 완전 여주 느낌 나고 발색도 선명한데 안 지워짐!!!??
내가 딱 원하던 탱글한 애교살 그 자체임?? 
1
/
2",조회 1.7천회,2026-01-20T22:21:20.000Z,3,1,1,1,조회 173회,2026-02-13 12:01:08
https://www.threads.com/@arch_dotori/post/DTtTPTjExba,"아니 진짜… 
나스는 여자 입술 연구하다가
논문 쓴 거 아니야? ??
건조함, 입술 주름 싹 잡아주고 
색상은 그냥 미쳤어….
하… 왤케 이쁨 
1
/
2",조회 4.9천회,2026-01-19T21:45:07.000Z,8,2,3,6,조회 214회,2026-02-13 12:01:52
https://www.threads.com/@arch_dotori/post/DTtO-s0EwYf,"이제야 릴리바이레드 어떻게 바르는지 알았다!!! 
1
/
2",조회 2.7만회,2026-01-19T21:07:54.000Z,113,4,4,1,조회 2.7천회,2026-02-13 12:02:51
https://www.threads.com/@arch_dotori/post/DTtGPGIk4P_,"샤넬 립밤만 쓰다가, 인생립 발견함ㅠㅠ
멀잇 왤케 예뻐..?
생얼립 중에 최애 등극이야..?????? 
1
/
2",조회 769회,2026-01-19T19:51:30.000Z,3,1,1,0,조회 131회,2026-02-13 12:03:46
https://www.threads.com/@arch_dotori/post/DTtEPsPk3RL,"방금 MAC 립 크렘 인 커피 발견했는데
와.. 이 색감 무슨일이야 진짜 미쳤다???? 
1
/
2",조회 7.5천회,2026-01-19T19:34:06.000Z,24,1,3,2,조회 453회,2026-02-13 12:04:36
https://www.threads.com/@arch_dotori/post/DTsnpzfEwGn,"탕후루 같은 세미 물먹립????
복숭아빛 핑크, 너무 잘뽑은 헤라 ㅠㅠ
발색이 미쳤음 ????? 
1
/
2",조회 832회,2026-01-19T15:24:16.000Z,3,1,,2,조회 134회,2026-02-13 12:05:32
https://www.threads.com/@arch_dotori/post/DTqXXUqE3NG,"노메이크면 왜 눈부터 죽는지 아는 사람…???♀?
이거 한 번만 발라도
“어? 오늘 화장했어?” 소리 나옴?? 
1
/
2",조회 1.7만회,2026-01-18T18:23:27.000Z,129,1,14,9,조회 1.3천회,2026-02-13 12:06:18
https://www.threads.com/@arch_dotori/post/DTqOKbYE3ll,"차정원이 쿠팡에서
양말 20~30켤레 쟁인다는 말 듣고
나도 반신반의로 질렀는데…
와… 이거 왜 쟁이는지 바로 이해됨 ??
발에 착? 붙는 느낌 미쳤고
하루 종일 신어도 흘러내림 없음 ㅠㅠ
이건 진짜 여러 켤레 쟁여야 되는 타입 ?? 
1
/
2",조회 3천회,2026-01-18T17:03:03.000Z,7,4,,0,조회 267회,2026-02-13 12:07:15
https://www.threads.com/@arch_dotori/post/DToFxMJEyt-,"????일본 가서 립 앞에서 서성이다가
이 무화과 브라운 바르고 끝남??
쌩얼에도 너무 예뻐서 결국 3개 들고 나옴;;?? 
1
/
2",조회 557회,2026-01-17T21:11:13.000Z,1,1,,0,조회 126회,2026-02-13 12:08:16
https://www.threads.com/@arch_dotori/post/DTh-ll9k00U,"운좋게 발견했는데 젠짜 미쳤음ㅠ
가을·겨울에 딱인데 촉촉 물광 미쳤고??
입술 주름 부각도 거의 없음 말안됨???? 
1
/
2",조회 538회,2026-01-15T12:13:01.000Z,1,1,,0,조회 164회,2026-02-13 12:09:11
https://www.threads.com/@arch_dotori/post/DThxW8Rk082,"KATE 사고 쳤다..
바쁠때 쓱쓱 바르면 쌩얼에서 바로 꾸안꾸st 
1
/
2",조회 814회,2026-01-15T10:17:25.000Z,1,1,,0,조회 171회,2026-02-13 12:10:09
https://www.threads.com/@arch_dotori/post/DTfwSrWEy2H,"이 밀크티 색은 진짜 반칙
어떤 메이크업에도 자연스럽게 섞이고
한 번 쓰면 계속 손 가는 컬러??? 
1
/
2",조회 1.2천회,2026-01-14T15:29:37.000Z,5,1,,0,조회 122회,2026-02-13 12:11:01
https://www.threads.com/@arch_dotori/post/DTfSCi5k2PL,"혈색이 먼저 와 있고 ?????
입술은 미쳤다 쪽으로 정리됨; ????
색감은 그냥 이거 이상 불가능????
진짜 날 미치게 만듬?? 
1
/
2",조회 866회,2026-01-14T11:05:16.000Z,3,1,,0,조회 132회,2026-02-13 12:11:57
https://www.threads.com/@arch_dotori/post/DTe786AE8gS,"이 정도로 안 지워지는 립은
그냥 세상에 존재하지 않음????
바른 날 아 이건 좀 다르다 바로 체감
샤넬 색감 똑같은데 먹고 마셔도 다시 바를필요?? 
1
/
2",조회 2.2천회,2026-01-14T07:52:16.000Z,9,1,1,0,조회 164회,2026-02-13 12:12:53
https://www.threads.com/@arch_dotori/post/DTe5sgZE6IY,"파데 뜨는 날은 꼭 하루 망친 기분이자나??
여행 가서 찾았던건데??
이거 화장 전에 써주고 나서는
형광등 조명에서도 매끄러움?? 
1
/
2",조회 137회,2026-01-14T07:32:33.000Z,1,1,,0,조회 49회,2026-02-13 12:13:40
https://www.threads.com/@arch_dotori/post/DTdGboBE7WS,"제발 스친이들..
일본 가면 이 마스카라는 무조건 구해오세요!!
진짜 너무 좋아서 나도 쟁여옴.. ???? 
1
/
2",조회 1.1만회,2026-01-13T14:45:22.000Z,26,1,1,9,조회 739회,2026-02-13 12:14:32
https://www.threads.com/@arch_dotori/post/DTdFrPmk1ef,"YSL 크림 블러셔 44호랑
색감 거의 같은데 가격이 1/10… 이게 말이 돼? ??
나만 알기 아까워서 공유한다?? 
1
/
2",조회 2.3천회,2026-01-13T14:38:45.000Z,7,1,,1,조회 185회,2026-02-13 12:15:22
https://www.threads.com/@arch_dotori/post/DTdFD8hk3Ts,"이런 블러셔 찾고 있으면 주목??
과하지 않은 빈티지 로즈인데??
발색 보니까 내가쓰던 구찌보다 나은듯?? 
1
/
2",조회 951회,2026-01-13T14:33:23.000Z,3,1,,0,조회 144회,2026-02-13 12:16:22
https://www.threads.com/@arch_dotori/post/DTciUC_Ewdy,"얼굴 지우개가 이런 거였구나
그러니까 품절이지;; 
1
/
2",조회 2.4천회,2026-01-13T09:29:45.000Z,2,1,,0,조회 143회,2026-02-13 12:17:18
https://www.threads.com/@arch_dotori/post/DTaomBck8jA,"이걸로 주름은 졸업했다.. 그냥 이게 다 이겼음 
1
/
2",조회 319회,2026-01-12T15:46:09.000Z,1,1,,0,조회 75회,2026-02-13 12:18:11
https://www.threads.com/@arch_dotori/post/DTXRX5okxQM,"인스타에서 자주보이는 티핏 컨실러
3색이라 조절 쉬운 건 알겠는데
피부 고민별로 쓰는 법 다른 거 알고 있었어? 
1
/
2",조회 1.1만회,2026-01-11T08:25:32.000Z,97,2,15,26,조회 182회,2026-02-13 12:18:53
https://www.threads.com/@arch_dotori/post/DTWsOeVE0sG,"입술 입체감이 안 사는 이유
이렇게 안 그려서였음
보고 그대로 따라해~ 
1
/
2",조회 1.8만회,2026-01-11T03:00:56.000Z,59,1,9,75,조회 419회,2026-02-13 12:19:36
https://www.threads.com/@arch_dotori/post/DTWqGAbkybm,"요즘 피부 좋은 사람들 보면 패턴이 똑같음
이래서 망했던 거였네.. 
1
/
2",조회 8.6천회,2026-01-11T02:42:18.000Z,1,1,,0,조회 277회,2026-02-13 12:20:31
https://www.threads.com/@arch_dotori/post/DTWopZcE-TC,"많은 사람들이 추천한, 킨더 크리스피볼 샀어
이거 진짜 완전 맛있다....??
하나 먹으니까 멈출 수가 없어 ㅋㅋㅋㅋ?? 
1
/
2",조회 264회,2026-01-11T02:29:39.000Z,2,1,,0,조회 66회,2026-02-13 12:21:15
https://www.threads.com/@arch_dotori/post/DTWnTmGE5ge,"네일샵 안 가도 손톱 관리된 느낌 나는 방법 찾음
큰 기대 없었는데
손톱 안 칙칙해지고 훨씬 건강해 보임???? 
1
/
2",조회 2.3천회,2026-01-11T02:17:56.000Z,10,1,,1,조회 122회,2026-02-13 12:22:05
https://www.threads.com/@arch_dotori/post/DTU2NMTE_XN,"우리 엄마 내 발보고??
몇 달 동안 안 씻은 거 아니냐는데ㅋㅋ
나도 내 발보고 살짝 당황;;?? 
1
/
2",조회 2천회,2026-01-10T09:49:39.000Z,2,1,,0,조회 132회,2026-02-13 12:26:58
https://www.threads.com/@arch_dotori/post/DTUYqb6E_of,"이게 Coach라고 하면
의외라는 반응부터 나옴??
코치 로고 작고
분위기는 너무 좋음…?? 
1
/
2",조회 1천회,2026-01-10T05:31:30.000Z,1,1,,0,조회 102회,2026-02-13 12:27:52
https://www.threads.com/@arch_dotori/post/DTSIsmJE0JW,"셀프네일 완성도, 바로 여기서 갈림??
부드럽게 갈려서
과하게 할 걱정 없는 게 진짜 신의 한 수? 
1
/
2",조회 6.8천회,2026-01-09T08:33:30.000Z,7,1,,0,조회 213회,2026-02-13 12:28:45
https://www.threads.com/@arch_dotori/post/DTSEwQfE_GN,"와 진짜 소리 지름… 올리브영에서 발견함??
이거 인데
내 샤넬이랑 색 완전 똑같음;; 쌩얼에 너무 예쁨?? 
1
/
2",조회 1.5천회,2026-01-09T07:59:03.000Z,7,1,,0,조회 227회,2026-02-13 12:29:30
https://www.threads.com/@arch_dotori/post/DTR_zwVE1G6,"솔직히 비타민b3? 뭔지도 몰랐는데
쓰고 나서 피부 상태가 그냥 족발보다 쫀쫀해??
만족도 미쳤고 모공 어디 갔는지 모르겠음??? 
1
/
2",조회 377회,2026-01-09T07:15:50.000Z,1,1,,0,조회 110회,2026-02-13 12:30:29
https://www.threads.com/@arch_dotori/post/DTQcbGAk75J,"이 조합 추천해준 쓰친이 새해 복 다섯번 받자??
주 1회만 쓰는데 피부에 광이 돌고
뽀얗게 되는데 진짜 미쳤음;;? 
1
/
2",조회 12만회,2026-01-08T16:47:24.000Z,376,20,46,74,조회 1.5만회,2026-02-13 12:31:15
https://www.threads.com/@arch_dotori/post/DTQOT_rk7_0,"제발 일본 가면 이거부터 찾아…??
예뻐서 한 개로는 절대 안 끝남
나중에 못 살까 봐 지금도 괜히 불안함?? 
1
/
2",조회 994회,2026-01-08T14:44:06.000Z,3,1,,0,조회 182회,2026-02-13 12:32:10
https://www.threads.com/@arch_dotori/post/DTPu8Tsk9M4,"일본 돈키호테에서 가격맞추려고 집었는데
이거 뭐냐 진짜;; ????
흰 티 누런 때랑 피지 얼룩
손 대기도 전에 그냥 사라짐 ??? 
1
/
2",조회 3.1천회,2026-01-08T10:09:59.000Z,7,1,,3,조회 202회,2026-02-13 12:33:06
https://www.threads.com/@arch_dotori/post/DTPtVzAk646,"이 향 진짜 뭐냐…??
길 걷다가 무의식적으로 뒤돌아봄
그 자리에 180cm 방탄 뷔 서 있어도
전혀 안 이상한 향임;; 
1
/
2",조회 416회,2026-01-08T09:55:59.000Z,2,1,,0,조회 103회,2026-02-13 12:33:52
https://www.threads.com/@arch_dotori/post/DTPqvOlE5ak,"???? 일본 여행 중에 호텔에서 말똥하다가
이 초콜릿 먹고 그대로 기절함ㅋㅋ
자기 전에 3개면 끝, 새벽까지 꿀잠 실화냐;; 
1
/
2",조회 1.3천회,2026-01-08T09:33:14.000Z,4,1,1,1,조회 110회,2026-02-13 12:34:37
https://www.threads.com/@arch_dotori/post/DTNtg0qk7h2,"???? 일본 간다는 친구 있으면 이거 그대로 보내
내가 센스 있는 간식 8개 골라놨으니까??
저장해두고 그대로만 사 오면 됨ㅋㅋ????
 1
/
2",조회 1.4만회,2026-01-07T15:19:00.000Z,166,5,29,138,조회 576회,2026-02-13 12:35:30
https://www.threads.com/@arch_dotori/post/DTNniydk8WZ,"와… 헤라 또 해냈네;; ?
얼굴빛 바로 밝혀주는 컬러에
발림감이 진짜 선 넘음ㄷㄷ???? 
1
/
2",조회 1.5천회,2026-01-07T14:26:51.000Z,4,1,,1,조회 155회,2026-02-13 12:36:12
https://www.threads.com/@arch_dotori/post/DTNmTi9kyK0,"신라면 골드 먹어본 사람 있음???
따끈따끈 신상인데 닭육수 국물 미쳤고??
파 많이 넣으니까 더 날 미치게 해..?? 
1
/
2",조회 928회,2026-01-07T14:16:02.000Z,6,2,,2,조회 73회,2026-02-13 12:36:56
https://www.threads.com/@arch_dotori/post/DTNK9RLE6VM,"나 부스스+곱슬 약간 그런 머리거든?
미용실에서 맨날 트리트먼트 하다가
이거 함 써봤는데
머리결이 아예 다른 쪽으로 감;;?? 
1
/
2",조회 741회,2026-01-07T10:17:03.000Z,2,1,,0,조회 79회,2026-02-13 12:37:44
https://www.threads.com/@arch_dotori/post/DTJ8vPsk4fw,"쿠팡에서 4,000원에 '두바이 쫀득쿠키' 삼 ??
심지어 사장님.. 인성까지 너무 좋으심ㅠ
입 한가득, 식감 엄청 좋아 ??
구하기 어려운데, 4,000원에 무료배송임 ㄷㄷ 
1
/
2",조회 1.6천회,2026-01-06T04:15:05.000Z,2,1,,0,조회 229회,2026-02-13 12:38:43
https://www.threads.com/@arch_dotori/post/DTIpjr7k68W,"인상 세서 고민인 사람 주목????
나도 눈알에 힘풀란 얘기 많이 들었는데
이거 바르자마자 분위기 확 여리여리해짐?? 
1
/
2",조회 579회,2026-01-05T16:08:15.000Z,5,2,2,0,조회 128회,2026-02-13 12:39:34
https://www.threads.com/@arch_dotori/post/DTInbRNE_cZ,"일본에서는 약국도 이정도 치네??
Dior 립밤 대신 쓰기 딱 좋아서
선택장애 왔다가 결국 패키지 완성함ㅋㅋ?? 
1
/
2",조회 2.1천회,2026-01-05T15:49:37.000Z,30,1,1,3,조회 188회,2026-02-13 12:40:33
https://www.threads.com/@arch_dotori/post/DTImH9eExHU,"요즘 립 다 거기서 거기인 줄 알았는데..
자연스러움에 지속력 미쳤다??
밥먹고 다시 안발라도 될 정도?? 
1
/
2",조회 1.5천회,2026-01-05T15:38:15.000Z,4,1,,0,조회 137회,2026-02-13 12:41:31
https://www.threads.com/@arch_dotori/post/DTIj3cnEy0e,"???? 일본 무인양품에서 이게 왜 난리냐면…
코에 그냥 쓱쓱 문질렀을 뿐인데
블랙헤드가 바로 삭제ㄷㄷ??
피부과 다니는 친구도 이걸로 갈아탐?? 
1
/
2",조회 3.4만회,2026-01-05T15:18:31.000Z,111,4,15,41,조회 2.2천회,2026-02-13 12:42:30
https://www.threads.com/@arch_dotori/post/DTEtQXfE6eu,"????일본가면 무조건 집어와!
쓰친이들이 왜 이렇게 추천하나 했는데…
써보니까 인정할 수밖에 없음 ?? 
1
/
2",조회 3.5천회,2026-01-04T03:23:36.000Z,16,1,3,14,조회 360회,2026-02-13 12:43:13
https://www.threads.com/@arch_dotori/post/DTCvRGbk_8K,"YSL 크림 블러셔 44호랑
색감 거의 같은데 가격이 1/10… 이게 말이 돼? ??
나만 알기 아까워서 공유한다?? 
1
/
2",조회 1.7만회,2026-01-03T09:02:41.000Z,136,3,13,13,조회 2.3천회,2026-02-13 12:44:06
https://www.threads.com/@arch_dotori/post/DTCrz5skz4M,"추운데 귀찮게 샵까지 간다고??
이거하고 한바퀴만 돌려주면
심플하고 고급스럽게 완성됨?? 
1
/
2",조회 5.4천회,2026-01-03T08:32:29.000Z,25,1,,1,조회 582회,2026-02-13 12:45:02
https://www.threads.com/@arch_dotori/post/DTCqirwk-IN,"제발 스친이들..
일본 가면 이 마스카라는 무조건 구해오세요!!
진짜 너무 좋아서 나도 쟁여옴.. ???? 
1
/
2",조회 2.7만회,2026-01-03T08:21:24.000Z,97,1,9,24,조회 2.3천회,2026-02-13 12:46:00
https://www.threads.com/@arch_dotori/post/DTA2it3EwUZ,"노메이크면 왜 눈부터 죽는지 아는 사람…???♀?
이거 한 번만 발라도
“어? 오늘 화장했어?” 소리 나옴?? 
1
/
2",조회 13만회,2026-01-02T15:27:47.000Z,826,11,76,89,조회 1.3만회,2026-02-13 12:46:49
https://www.threads.com/@arch_dotori/post/DTA0rxUE24c,"요즘 이거 일부러 불에 올리는 사람 많다던데????
컵을 왜 태워 싶었거든?
근데 결과 보고 말문 막힘??
결국 나도 찾아보게 됨???? 
1
/
2",조회 1.5천회,2026-01-02T15:11:33.000Z,2,1,,0,조회 268회,2026-02-13 12:47:35
https://www.threads.com/@arch_dotori/post/DTAKBftk9I8,"남자친구가 오늘 내 피부 좀 모찌 같다는데?? 
1
/
2",조회 1.3천회,2026-01-02T08:58:46.000Z,3,1,,0,조회 303회,2026-02-13 12:48:26
https://www.threads.com/@arch_dotori/post/DTAI6cKk-7C,"이 JBL 스피커 바다에 떠다닌 지 3개월 만에 발견됐는데 아직도 멀쩡하게 작동함ㅋㅋ
진짜 스피커 내구성 미쳤다?? 
1
/
2",조회 1.1천회,2026-01-02T08:49:04.000Z,1,1,,0,조회 190회,2026-02-13 12:49:10
https://www.threads.com/@arch_dotori/post/DS_sn_Vk-XK,"코치 진짜 완전 힙해졌네??
미니미 가방까지 이렇게 예쁜 건 반칙이지~!?? 
1
/
2",조회 1천회,2026-01-02T04:41:53.000Z,1,1,,0,조회 187회,2026-02-13 12:49:54
https://www.threads.com/@arch_dotori/post/DS_r_tKkz1J,"'무인양품' 신상, 목주름 로션?? 이거 미침ㅠ
반 통도 안 썼는데, 느낌 확- 달라져서 당황함??
일본 왜 이렇게 잘 만드냐구 진짜 ???? 
1
/
2",조회 1.7천회,2026-01-02T04:36:23.000Z,2,1,1,4,조회 242회,2026-02-13 12:50:43
https://www.threads.com/@arch_dotori/post/DS_rl6ZE5Mh,"유난히 깨끗한 집의 비결??
친구가 청소하는 거 보여줬는데
혼자 엄청 편하게 청소하고 있었음.. 
1
/
2",조회 854회,2026-01-02T04:32:51.000Z,1,1,,0,조회 134회,2026-02-13 12:51:42
https://www.threads.com/@arch_dotori/post/DS_q76pE55v,"각질이 너무 잘 벗겨져서
발이 작아진 기분ㅋㅋ 
1
/
2",조회 9.9천회,2026-01-02T04:27:07.000Z,4,1,,0,조회 227회,2026-02-13 12:52:29
https://www.threads.com/@arch_dotori/post/DS9WA8Ck7BK,"친구가 보내줬는데 봐바??
와 미친 바로 먹으면 존맛이겠다ㅠㅠ
안에 금?? 미친거 아니냐고?? 
1
/
2",조회 6천회,2026-01-01T06:45:50.000Z,2,1,,0,조회 219회,2026-02-13 12:53:28
https://www.threads.com/@arch_dotori/post/DS9I37hE1I_,"두통 있는 사람들, 이거 메모ㄱㄱ??
나 스트레스성 두통 자주 오는데
이거 쓰고 나서, 진짜 바로 잠잠해짐..?? 
1
/
2",조회 374회,2026-01-01T04:51:00.000Z,1,1,,0,조회 114회,2026-02-13 12:54:19
https://www.threads.com/@arch_dotori/post/DS65gJXE6Lh,"??경고) 목주름은 방심한 사람부터 드러난다
더 늦기 전에 관리해야 살릴 수 있음
이 루틴 시작한지 3일부터 체감되기 시작함?? 
1
/
2",조회 1.5천회,2025-12-31T07:58:12.000Z,1,1,,0,조회 135회,2026-02-13 12:55:14
https://www.threads.com/@arch_dotori/post/DS63-2Tk_bM,"남친: 설날 하루만 쉬니까 짐 좀 작게 가져가
나: ㅇㅋ 
1
/
2",조회 5.1천회,2025-12-31T07:44:55.000Z,21,1,,3,조회 164회,2026-02-13 12:56:00
https://www.threads.com/@arch_dotori/post/DS62G7uE13M,"이거 바르는 순간 바로 티 남.
핑크골드인데 색기가 확 올라옴.
귀여운 척하다가 한 끗 다름 ?? 
1
/
2",조회 2천회,2025-12-31T07:28:33.000Z,13,1,1,0,조회 148회,2026-02-13 12:56:53
https://www.threads.com/@arch_dotori/post/DS60Lebky4K,"쌍테 풀 번지고 들뜨고 망해본 사람만 봐.
그냥 올리면 끝이라 손댈 게 없음 ㅋㅋ
진짜 실패할 구석이 없어?? 
1
/
2",조회 397회,2025-12-31T07:11:41.000Z,1,1,,0,조회 65회,2026-02-13 12:57:39
https://www.threads.com/@arch_dotori/post/DS5Uk98E6-E,"????한국에 놀러온 외국인들이
올리브영에서 무조건 주워가는 이것??
처음엔 의심하다가도 써보고 놀란다고ㄷㄷ?? 
1
/
2",조회 128회,2025-12-30T17:16:19.000Z,1,1,,0,조회 69회,2026-02-13 12:58:37
https://www.threads.com/@arch_dotori/post/DS5RtGbEznF,"한 통 다 쓰기도 전에 다음 걸 사는 이유가 있음.
색감도 질감도 샤넬 그자체
왜 중독되는지 알거 같다?? 
1
/
2",조회 3.8천회,2025-12-30T16:51:12.000Z,8,1,2,2,조회 221회,2026-02-13 12:59:20
https://www.threads.com/@arch_dotori/post/DS5Jkyskw_t,"단순 바이럴 아닌 거 단번에 검증됨??
MAC 이 컬러는 진짜 반칙이야??
입술이 제일 예뻐 보이게 만드는 색…?? 
1
/
2",조회 278회,2025-12-30T15:40:10.000Z,1,1,,0,조회 66회,2026-02-13 13:00:14
https://www.threads.com/@arch_dotori/post/DS17Vxdk9Ro,"돌돌이: 여기까지다…
?? : 내가 너무 늦었지??
털 보풀 따위 다 해치워 버리지 
1
/
2",조회 3천회,2025-12-29T09:38:04.000Z,1,1,,0,조회 149회,2026-02-13 13:01:03
https://www.threads.com/@arch_dotori/post/DS14x7Mk2xJ,"아무에게도 알려주지 않는??
나만의 스트레스 해소법??
아무리 바쁜날도 꼭 하고 잔다구?? 
1
/
2",조회 16만회,2025-12-29T09:15:41.000Z,44,1,3,22,조회 866회,2026-02-13 13:02:03
https://www.threads.com/@arch_dotori/post/DS14Qp-k0Mk,"이거 보고도 소리 안 지르면 그게 더 이상함.
무인양품 립이 샤넬꺼랑 똑같아서 현실 부정 중 ??
발색·무드까지 그냥 복사 붙여넣기야… 
1
/
2",조회 1.8천회,2025-12-29T09:11:09.000Z,8,1,1,0,조회 210회,2026-02-13 13:02:54
https://www.threads.com/@arch_dotori/post/DS11nY1kwoa,"와.. 킨더조이 미쳤나ㅋㅋㅋㅋ
피크민이랑 콜라보라니 진짜 너무 귀여워ㅠㅠ
종류별로 다 모으고 싶어서 현기증 나..?? 
1
/
2",조회 121회,2025-12-29T08:48:02.000Z,1,1,,0,조회 65회,2026-02-13 13:03:43
https://www.threads.com/@arch_dotori/post/DS1z4o3ExOl,"남편이 사 온 계량컵이… 거위임 ????
쌀에 왜 이렇게 정 붙어 ?? 
1
/
2",조회 4천회,2025-12-29T08:32:55.000Z,2,2,1,1,조회 69회,2026-02-13 13:04:27
https://www.threads.com/@arch_dotori/post/DS1t3MakyRT,"개존맛 카라멜 찾았다ㅋㅋ??
내가 딱 원하던 바로 그 맛이야!!
이에 안 달라붙고 쫀득 달달 그자체?? 
1
/
2",조회 457회,2025-12-29T07:40:17.000Z,1,1,,0,조회 65회,2026-02-13 13:05:11
https://www.threads.com/@arch_dotori/post/DS1rEzNk2JI,"두쫀쿠 만들 때 이거 쓰면 돼!??
카페에서도 직접 갈아쓰는거 아니면
대부분 이거 쓰고 세계적으로도 제일 유명해 
1
/
2",조회 141회,2025-12-29T07:15:56.000Z,1,1,,0,조회 47회,2026-02-13 13:06:11
https://www.threads.com/@arch_dotori/post/DSz6CYQk4Oj,"???? 요즘 해외에서 없어서 못산다는 라면
정작 한국인만 모르고 있었던 거 실화?;;
못 참겠다 바로 라면 끓이러 감 
1
/
2",조회 1.9천회,2025-12-28T14:48:12.000Z,1,1,,0,조회 152회,2026-02-13 13:07:11
https://www.threads.com/@arch_dotori/post/DSz28HTE2o2,"화장 망하기가 더 어려운 레전드 꿀템????
왜 이게 바이럴 된지 오만번 이해되고도 남음?? 
1
/
2",조회 1.1천회,2025-12-28T14:21:07.000Z,2,1,,0,조회 70회,2026-02-13 13:07:56
https://www.threads.com/@arch_dotori/post/DSzyO3oE0OO,"????일본 가면 무인양품에서 이건 무조건 사야됨;;
한 모금 마시면 “왜 이제 알려줬냐” 나옴??
이건 진짜 박스째 사오는 게 국룰임???♂? 
1
/
2",조회 1.5만회,2025-12-28T13:40:00.000Z,14,1,,3,조회 1.3천회,2026-02-13 13:08:45
https://www.threads.com/@arch_dotori/post/DSzms7yk5Tx,"미쳤다… 보자마자 소리 나옴??
Coach 가방인데 어떻게
요즘에 들기 좋게 트렌디하게 뽑았지?? 
1
/
2",조회 3.4천회,2025-12-28T11:59:14.000Z,7,1,,0,조회 179회,2026-02-13 13:13:42
https://www.threads.com/@arch_dotori/post/DSzPNXDk3-K,"대놓고 광고하는데 사버렸다..??
Mac 립인데 솔직히 너무 예뻐서
무조건 알려주고 싶었음 
1
/
2",조회 934회,2025-12-28T08:33:57.000Z,2,1,,0,조회 115회,2026-02-13 13:14:25
https://www.threads.com/@arch_dotori/post/DSzMFryE-gY,"립 여러 개 사봤는데 
살아남은 건 이것뿐??
결국 이런 립만 계속 쓰게 됨??
무난해서 계속 입이 간다?? 
1
/
2",조회 4.7천회,2025-12-28T08:06:41.000Z,26,1,2,0,조회 314회,2026-02-13 13:15:24
https://www.threads.com/@arch_dotori/post/DSzIzS3kz4I,"샤넬 다들 이건 사지마??
넘 예뻐서 나만 쓸거거든??
난 샤넬립 중에 피치코랄은 이게 최고더라?? 
1
/
2",조회 4.2천회,2025-12-28T07:37:58.000Z,10,1,,0,조회 357회,2026-02-13 13:16:11
https://www.threads.com/@arch_dotori/post/DSzG_YZE7hc,"방금 MAC 립 크렘 인 커피 발견했는데
와.. 이 색감 무슨일이야 진짜 미쳤다???? 
1
/
2",조회 7.6천회,2025-12-28T07:22:08.000Z,23,1,1,0,조회 520회,2026-02-13 13:17:06
https://www.threads.com/@arch_dotori/post/DSzCwiEE9sJ,"뉴발 신고 여행 갔는데…??
평발인 내가 하루종일 걸어도 하나도 안 아팠음;;
예쁘고 따뜻해서 겨울 신발 이걸로 확정???? 
1
/
2",조회 886회,2025-12-28T06:45:10.000Z,4,1,,0,조회 72회,2026-02-13 13:18:02
https://www.threads.com/@arch_dotori/post/DSwp_i_Exza,"비데를 반드시 해야하는 이유??
물티슈도 안돼??
어디서든 무조건 비데 하자?? 
1
/
2",조회 4.6만회,2025-12-27T08:30:16.000Z,6,1,,15,조회 1.7천회,2026-02-13 13:18:50
https://www.threads.com/@arch_dotori/post/DSriGb6k2Yi,"잠..잠깐만..!??
그렇게 손부터 가면 안돼..! 
1
/
2",조회 13만회,2025-12-25T08:45:06.000Z,20,1,1,38,조회 5.3천회,2026-02-13 13:19:43
https://www.threads.com/@arch_dotori/post/DSrhp26E1nh,"칸에 딱 들어맞는게 이상하게 기분좋음?? 
1
/
2",조회 1.9천회,2025-12-25T08:41:12.000Z,5,1,1,0,조회 96회,2026-02-13 13:20:37
https://www.threads.com/@arch_dotori/post/DSrhWMXkzu8,"휴일에 집에서 먹으라고 빵 해줬는데
귀여워서 어떻게 먹어?? 
1
/
2",조회 9.3천회,2025-12-25T08:38:31.000Z,66,9,1,3,조회 132회,2026-02-13 13:21:21
https://www.threads.com/@arch_dotori/post/DSrgznBk_IT,"이 디저트로 크리스마스 분위기 끝냄?? 
1
/
2",조회 2.4천회,2025-12-25T08:33:48.000Z,3,1,1,0,조회 52회,2026-02-13 13:22:17
https://www.threads.com/@arch_dotori/post/DSpip35k-w5,"셀프 네일 할땐 이만한게 없음??
이거하고 한바퀴만 돌려주면
심플하고 고급스럽게 완성됨?? 
1
/
2",조회 4.4천회,2025-12-24T14:11:28.000Z,6,3,,0,조회 133회,2026-02-13 13:23:09
https://www.threads.com/@arch_dotori/post/DSpgfa6E2Te,"?????물리치료사 쌤이 크리스마스에 선물로 사준 것
??장점 : 디스크에 좋음, 매우 시원함
??단점 : 너무 쌔게 하면 시원하다 못해 아픔??
효과확실한거 맞죠 쌤들?? 
1
/
2",조회 6.2천회,2025-12-24T13:52:34.000Z,2,1,,1,조회 152회,2026-02-13 13:23:58
https://www.threads.com/@arch_dotori/post/DSpfw7wkzQv,"족저근막염 있는 스친들… 진짜 이건 꼭 봐라?????
나도 오래 서있는 일이라 발바닥 터질 듯 아팠는데,
이 신발 신은 날부터 통증이 0 됨;; 
1
/
2",조회 262회,2025-12-24T13:46:13.000Z,1,1,,0,조회 49회,2026-02-13 13:24:46
https://www.threads.com/@arch_dotori/post/DSpfPXSkyP9,"편하다는 신발 다 필요없음… 이게 찐임??
트래킹화 겸용이라 3만보 강행군도 문제없음ㅋㅋ
무엇보다 가격이 미쳤음… 터무니 없을 정도
르무통, HOKA, 스케쳐스? 솔직히 다 필요없음?? 
1
/
2",조회 321회,2025-12-24T13:41:38.000Z,2,1,,0,조회 54회,2026-02-13 13:25:30
https://www.threads.com/@arch_dotori/post/DSpewCFk9ib,"??오니츠카 신발 중에 이건 그냥 원탑임;;
청바지·슬랙스·치마 = 전부 다 먹힘??
색감 미쳤고 배색이 사람 미치게 함?? 
1
/
2",조회 678회,2025-12-24T13:37:21.000Z,3,1,1,0,조회 54회,2026-02-13 13:26:20
https://www.threads.com/@arch_dotori/post/DSpJ3Rak46e,"크리스마스 선물 추천 들어간다??
이 장난감 하나로 3시간은 가지고 놈?? 
1
/
2",조회 2.6만회,2025-12-24T10:34:50.000Z,6,1,,2,조회 168회,2026-02-13 13:27:11
https://www.threads.com/@arch_dotori/post/DSpI71tE9dv,"이거 봐봐!! 내가 해냄ㅋㅋ
엄청 칭찬받았다?? 
1
/
2",조회 5.9천회,2025-12-24T10:26:44.000Z,1,1,,1,조회 125회,2026-02-13 13:28:01
https://www.threads.com/@arch_dotori/post/DSpILKgk3-E,"여기 청소가 진짜 골치아팠는데
10초만에 끝냄ㅋㅋ?? 
1
/
2",조회 2.9천회,2025-12-24T10:20:05.000Z,1,1,,1,조회 44회,2026-02-13 13:28:49
https://www.threads.com/@arch_dotori/post/DSpHZTwE8Gi,"요리가 아주 쉬워지는 꿀팁 단 한가지??
이거 두개를 한꺼번에 쓴다?? 
1
/
2",조회 1.2만회,2025-12-24T10:13:16.000Z,1,1,,0,조회 70회,2026-02-13 13:29:37
https://www.threads.com/@arch_dotori/post/DSpFV5PE_wH,"이야 이게 이렇게 만들어지는구나?? 
1
/
2",조회 44만회,2025-12-24T09:55:20.000Z,70,1,2,27,조회 2.2천회,2026-02-13 13:30:24
https://www.threads.com/@arch_dotori/post/DSpEo9Hk7DX,"결혼하면 손에 물 한 방울 안묻히게 해줄게??
라고 한 우리 남편이 사온것?? 
1
/
2",조회 3만회,2025-12-24T09:49:12.000Z,11,1,,12,조회 328회,2026-02-13 13:31:18
https://www.threads.com/@arch_dotori/post/DSpCaqhkzHj,"진짜 접히는 거 보고 입 벌어짐??
육아템 끝판왕?? 
1
/
2",조회 624회,2025-12-24T09:29:46.000Z,3,1,,4,조회 34회,2026-02-13 13:32:16
https://www.threads.com/@arch_dotori/post/DSmULJhk_bX,"????일본인들도 한국에 오면 꼭 사간다??
크림 나오는 올인원 괄사라 너무 편하고
붓기 스트레스 한방에 아웃됨??
향도 라벤더랑 시트러스향이라??
코끝 까지 힐링?? 
1
/
2",조회 1.5천회,2025-12-23T08:07:13.000Z,2,1,,0,조회 54회,2026-02-13 13:33:16
https://www.threads.com/@arch_dotori/post/DSmS8B-E3XM,"그냥 검은 퍼프인 줄 알았는데??
이거 쓰고 파데가 갑자기 얌전해짐…
피부에 착 붙으면서 광만 남음??
각질 유분 부자인데 고민 싹 해결됨?? 
1
/
2",조회 49회,2025-12-23T07:56:25.000Z,1,1,,0,조회 24회,2026-02-13 13:34:01
https://www.threads.com/@arch_dotori/post/DSmRsdTEx3x,"손 모델 하시는 분 픽??
피부톤 맑아지고 탱글탱글 해지는것 때문에
꼭 레티놀 들어있는거 쓴대
손등이랑 마디 부분이 눈에 띄게 밝아짐.
레티놀 다들 한 번 써봐 ?? 
1
/
2",조회 588회,2025-12-23T07:45:33.000Z,2,2,,1,조회 41회,2026-02-13 13:35:00
https://www.threads.com/@arch_dotori/post/DSmNtEBk8mW,"바디워시를 오빠가 먹었다????
이거 은은하게 달달한 딸기향 나서??
바디워시인데 디저트로 착각했나 봐?? 
1
/
2",조회 869회,2025-12-23T07:10:41.000Z,3,3,,0,조회 42회,2026-02-13 13:35:58
https://www.threads.com/@arch_dotori/post/DSkxcqwk2-h,"겨울엔 어그말고 신을 신발 없나??
바로 여기????
코디도 밝은 컬러 바지에 매치하면 끝
연말 분위기 내는거 너무 쉽네ㅎㅎ?? 
1
/
2",조회 173회,2025-12-22T17:44:32.000Z,1,4,1,0,조회 44회,2026-02-13 13:36:59
https://www.threads.com/@arch_dotori/post/DSkveTGkzjX,"올리브영에 이거 보이면 꼭 사와??
원래 일본 여고생 피부템으로 유명했던건데
올영에 아예 입점했나봐ㅋㅋ
진~짜 따뜻한데 부들부들하고
휘뚜루 마뚜루 다 잘 어울려????
어그에 신으면 너무 잘 어울림ㅎㅎ?? 
1
/
2",조회 1.7천회,2025-12-22T17:27:17.000Z,11,6,3,3,조회 49회,2026-02-13 13:37:53
https://www.threads.com/@arch_dotori/post/DSjq-qbE8Sn,"실제 1930년대 항해서의 라이터 ♥???
옛날 디자인은 정말 맛있어 최고야 
1
/
2",조회 10만회,2025-12-22T07:28:46.000Z,339,13,13,44,조회 2.2천회,2026-02-13 13:38:36
https://www.threads.com/@arch_dotori/post/DSjqJHXk9ag,"이거 알려준 사람.. 나한테 절 받으세요???♂?
귤 향기 맡자마자 기분 너무 좋아짐??
써보고 바로 9통 더 주문했음ㅎ 
1
/
2",조회 1.6천회,2025-12-22T07:21:27.000Z,3,1,2,0,조회 114회,2026-02-13 13:39:24
https://www.threads.com/@arch_dotori/post/DSjpoXIk775,"???? 일본 갔다오면 바로 손부터 자랑하는 이유;;
바르자마자 ‘온천 다녀온 피부’ 바로 됨♨?
온천수 + 유자 향 조합이라 기분 사르르 녹음????
원래 직구템인데 지금 쿠팡에 풀림;; 
1
/
2",조회 1.5천회,2025-12-22T07:16:59.000Z,3,1,1,0,조회 78회,2026-02-13 13:40:20
https://www.threads.com/@arch_dotori/post/DSh2gnYk0d7,"제니가 신고 쇼핑한 어그!!!!
슬리퍼처럼 편한데 스타일은 확 살고
겨울엔 귀여움+따뜻함 다 잡은 정답템??
요즘 인기 터지는 이유를 알겠어?? 
1
/
2",조회 1.1천회,2025-12-21T14:31:02.000Z,1,2,2,0,조회 71회,2026-02-13 13:41:11
https://www.threads.com/@arch_dotori/post/DSh0GxjE6zm,"???? 일본 가면 이건 꼭 챙겨.. 진짜 인생 바뀜;;
비행기 2시간도 못기다리던 내가
이 사탕 하나로 버틴다;; ????
이젠 가방에 없으면 불안할 정도ㅋㅋ 
1
/
2",조회 1.2천회,2025-12-21T14:10:02.000Z,2,3,1,0,조회 84회,2026-02-13 13:41:54
https://www.threads.com/@arch_dotori/post/DShylT7kxUD,"치마나 긴양말에 신으면 바로 거기가 도쿄?? 
1
/
2",조회 1.2천회,2025-12-21T13:56:44.000Z,1,1,1,0,조회 51회,2026-02-13 13:42:56
https://www.threads.com/@arch_dotori/post/DShw1I1kwvl,"와 이건 진짜 꿀팁??
SNS에서 난리난 신발끈 안풀리는 매듭법이라는데
3보 1 신발끈 묶기 하는 사람으로써
진짜 참된 꿀팁임.. ?? 
1
/
2",조회 4.5천회,2025-12-21T13:41:25.000Z,19,2,3,29,조회 97회,2026-02-13 13:43:43
https://www.threads.com/@arch_dotori/post/DSgfjt9Ex3E,"옷장에 블랙밖에 없는 친구가 알려준 꿀팁
세탁해도 물빠짐 없이 검정 유지할 수 있대???? 
1
/
2",조회 204회,2025-12-21T01:51:15.000Z,3,1,,0,조회 41회,2026-02-13 13:44:28
https://www.threads.com/@arch_dotori/post/DSgeeiFEyBy,"크리스마스 선물 교환 후기!
개봉하고 맘에 들어서 하나더 샀는데..
금주중이긴 한데 반잔만 마셔야지 
1
/
2",조회 1.3천회,2025-12-21T01:41:48.000Z,2,1,,0,조회 49회,2026-02-13 13:45:20
https://www.threads.com/@arch_dotori/post/DSe8cqUEy7V,"가히 아보카도 레시피 끝판왕이라 볼수있다..
고소하고 깔끔한 디저트로 최강
그냥 크림이랑 조합이 사기?? 
1
/
2",조회 3천회,2025-12-20T11:25:12.000Z,5,3,3,5,조회 60회,2026-02-13 13:46:21
https://www.threads.com/@arch_dotori/post/DSe756WE2Or,"아침 굶으면 다이어트 실패한다..
아보카도랑 바게트로
완전 쉽게 아침 해먹자! 
1
/
2",조회 408회,2025-12-20T11:20:28.000Z,1,3,2,0,조회 47회,2026-02-13 13:47:25
https://www.threads.com/@arch_dotori/post/DSe7h6Mkxi9,"내 목 통증 주고 키 3센치 벌었다????
자세가 구부정해서 없어보인단 말 많이 들었는데
이제 그 사람들 싹 사라짐?? 
1
/
2",조회 1천회,2025-12-20T11:17:11.000Z,2,1,,0,조회 46회,2026-02-13 13:48:26
https://www.threads.com/@arch_dotori/post/DSe7Dj8E8Aj,"아니 아보카도 손질이 3초컷이네;
진작 알았다면 얼마나 좋았을까?? 
1
/
2",조회 4.2천회,2025-12-20T11:13:02.000Z,4,3,2,1,조회 56회,2026-02-13 13:49:13
https://www.threads.com/@arch_dotori/post/DSe6xagE2u9,"회사에 가져갔는데 넘 맛있어 보인다고 다뺏김??
최고 유행하는 간식의 힘이란 대단 한 것 같아 
1
/
2",조회 3.7천회,2025-12-20T11:10:34.000Z,3,1,,1,조회 79회,2026-02-13 13:50:08
https://www.threads.com/@arch_dotori/post/DSe6AZVk9uu,"차세대 신발은 이렇게 만들어진다는데?
나한테 꼭 맞는 신발 찾기 어려웠는데
빨리 상용화 됐으면..?? 
1
/
2",조회 2.6만회,2025-12-20T11:03:52.000Z,92,1,1,6,조회 187회,2026-02-13 13:51:05
https://www.threads.com/@arch_dotori/post/DSe5eJZk0He,"이거한번 하니까 애들이 놀라서 소리지름ㅋㅋ?? 
1
/
2",조회 9.3천회,2025-12-20T10:59:12.000Z,13,1,,0,조회 60회,2026-02-13 13:51:58
https://www.threads.com/@arch_dotori/post/DSe5NqCE-75,"어어;; 얘 왜이래
난 삶은 달걀이 먹고 싶었지
계란 지단이 먹고 싶었던건 아니야; 
1
/
2",조회 1.3천회,2025-12-20T10:56:57.000Z,1,1,,0,조회 41회,2026-02-13 13:52:44
https://www.threads.com/@arch_dotori/post/DSe4iWlE3ur,"??물인줄 알고 움찔거리나봐??
씻으려는 건가???? 
1
/
2",조회 130회,2025-12-20T10:51:02.000Z,1,1,,0,조회 18회,2026-02-13 13:53:30
https://www.threads.com/@arch_dotori/post/DSe4IB2kxUa,"아니 이거 이렇게 하면 된다매;
누가 방법 좀 알려줘?? 
1
/
2",조회 12만회,2025-12-20T10:47:26.000Z,31,2,,14,조회 6.2천회,2026-02-13 13:54:16
https://www.threads.com/@arch_dotori/post/DSe3roRE4u3,"ㅠㅠ드디어 나보고 겨드랑이 씻었냬??
맨날 씻다가 이거 했을 뿐인데.. 허탈함 
1
/
2",조회 938회,2025-12-20T10:43:34.000Z,2,1,,0,조회 24회,2026-02-13 13:55:18
https://www.threads.com/@arch_dotori/post/DSe3GGhk9xh,"1시자고 6시 일어나도 수면이 안부족한 방법??
지하철 버스 앉기만 하면 잘수 있음???? 
1
/
2",조회 468회,2025-12-20T10:38:26.000Z,1,1,,0,조회 23회,2026-02-13 13:56:18
https://www.threads.com/@arch_dotori/post/DSe1CQFkwgb,"??이 귀마개 절대 끼면 안됨!
너무 조용하고 꿀잠자서
옆에 폭탄 터져도 모름???? 
1
/
2",조회 2.7만회,2025-12-20T10:20:26.000Z,4,1,,1,조회 185회,2026-02-13 14:00:11
https://www.threads.com/@arch_dotori/post/DSe0SwZk_Ob,"여배우들이 자기전 매일 하는 루틴?? 
1
/
2",조회 1천회,2025-12-20T10:13:57.000Z,1,1,,0,조회 16회,2026-02-13 14:01:09
https://www.threads.com/@arch_dotori/post/DSezTBTkz47,"코치 진짜 완전 힙해졌네??
미니미 가방까지 이렇게 예쁜 건 반칙이지~!?? 
1
/
2",조회 3.1만회,2025-12-20T10:05:15.000Z,56,3,6,35,조회 1.6천회,2026-02-13 14:02:05
https://www.threads.com/@arch_dotori/post/DSey1eWk7Wb,"연근같은 식품 세척할때 진짜 현타 왔었는데
이제 이걸로 쓱싹 하면 너무 세척이 쉬워!!
진짜 너무 쉽다ㅋ?? 
1
/
2",조회 3천회,2025-12-20T10:01:13.000Z,1,1,,0,조회 33회,2026-02-13 14:03:07
https://www.threads.com/@arch_dotori/post/DScXczbk1zL,"남자가 한번 돼보고 싶었어..!??
가 아니고 야외에서 필요할 거 같아서 삼ㅋㅋ?? 
1
/
2",조회 460회,2025-12-19T11:23:26.000Z,1,1,,0,조회 26회,2026-02-13 14:03:57
https://www.threads.com/@arch_dotori/post/DSbuVW2k0so,"공장경력 15년차 삼촌이 매일 신던 신발
진짜 대박 단단ㄷㄷ 
1
/
2",조회 1만회,2025-12-19T05:24:09.000Z,1,1,5,3,조회 130회,2026-02-13 14:04:46
https://www.threads.com/@arch_dotori/post/DSad0ELEwjL,"이 초콜릿 조각이 뭐라고 날 미치게 하지..? 
1
/
2",조회 4.9만회,2025-12-18T17:40:33.000Z,19,1,,1,조회 409회,2026-02-13 14:05:30
https://www.threads.com/@arch_dotori/post/DSaYSxvE72P,"나 음료 묽어지는거 너무 싫었는데
얼죽아 필수템인듯???? 
1
/
2",조회 3.3천회,2025-12-18T16:52:19.000Z,1,1,,0,조회 57회,2026-02-13 14:06:24
https://www.threads.com/@arch_dotori/post/DSaUPb1E9LV,"세탁기 두번 돌리지 말고??
이걸로 한번에 속옷까지~~???? 
1
/
2",조회 1.8천회,2025-12-18T16:16:55.000Z,4,1,,0,조회 43회,2026-02-13 14:07:21
https://www.threads.com/@arch_dotori/post/DSZnnb9E4v_,"상위 5%눈썰미 가지고 있는지 테스트??
이 두 가지 거울의 차이점 구분할 수 있어?????? 
1
/
2",조회 4.7만회,2025-12-18T09:46:58.000Z,3,1,,5,조회 1.2천회,2026-02-13 14:08:12
https://www.threads.com/@arch_dotori/post/DSZm77EE6sz,"우와..~~ 이걸 생각한 사람 정말 천재같아..!
???? 
1
/
2",조회 17만회,2025-12-18T09:41:02.000Z,102,37,3,88,조회 9.5천회,2026-02-13 14:09:05
https://www.threads.com/@arch_dotori/post/DSZmOGYk_yW,"아침에 이렇게 한번 먹어봐!!
여태껏 먹어봤던 것중에 제일 맛있어???? 
1
/
2",조회 5.5천회,2025-12-18T09:34:47.000Z,34,2,1,39,조회 125회,2026-02-13 14:09:50
https://www.threads.com/@arch_dotori/post/DSZlXadk2ol,"이거 하기 전으로 돌아갈 수 없어??
층간소음 걱정 한시름 놨다?? 
1
/
2",조회 69회,2025-12-18T09:27:19.000Z,1,1,,0,조회 25회,2026-02-13 14:10:45
https://www.threads.com/@arch_dotori/post/DSZkea5E4re,"중요한 날 전에 내가 반드시 하는 루틴??
눈매가 다른 사람 됨ㄷㄷ???? 
1
/
2",조회 1.6천회,2025-12-18T09:19:32.000Z,7,1,1,4,조회 34회,2026-02-13 14:11:33
https://www.threads.com/@arch_dotori/post/DSZjl-hky9O,"순식간에 모공삭제ㄷㄷ
비오는 날도 무너짐 없는 방탄유지력이래! 
1
/
2",조회 72회,2025-12-18T09:11:49.000Z,1,1,,0,조회 23회,2026-02-13 14:12:26
https://www.threads.com/@arch_dotori/post/DSZiutEE362,"남녀노소 30초 안에 작은 얼굴 가능!! 
1
/
2",조회 5.2만회,2025-12-18T09:04:17.000Z,270,2,36,187,조회 510회,2026-02-13 14:13:15
https://www.threads.com/@arch_dotori/post/DSZhqASk5Yh,"내가 엄마에게 열심히 설명한 것
Vs 엄마가 설명만 듣고 만들어 준 것?? 
1
/
2",조회 4.7만회,2025-12-18T08:54:54.000Z,44,4,,5,조회 2.7천회,2026-02-13 14:14:00
https://www.threads.com/@arch_dotori/post/DSZhKScE_Tt,"친구가 나 보고
왜 그렇게 놓냐는데
그럼 어떻게 놔두냐고ㅋ??ㅋ??ㅋ?? 
1
/
2",조회 272회,2025-12-18T08:50:34.000Z,3,3,,0,조회 23회,2026-02-13 14:15:01
https://www.threads.com/@arch_dotori/post/DSZgbruE221,"이렇게 세안하고 트러블 완전 이별함????
얼굴에 자극도 안가고 너무 좋다?? 
1
/
2",조회 5.2천회,2025-12-18T08:44:12.000Z,2,1,,0,조회 104회,2026-02-13 14:15:55
https://www.threads.com/@arch_dotori/post/DSZf-m4k33X,"집에서 삼겹살 먹을때 이거만 있으면
냄새도 안나도 깔끔하고 좋더라???? 
1
/
2",조회 344회,2025-12-18T08:40:14.000Z,1,1,,0,조회 13회,2026-02-13 14:16:54
https://www.threads.com/@arch_dotori/post/DSZfcOWE921,"헐..진짜 나를 구워버리면 어떡하냥ㅠㅠ???? 
1
/
2",조회 11만회,2025-12-18T08:35:32.000Z,101,6,3,53,조회 1.3천회,2026-02-13 14:17:57
https://www.threads.com/@arch_dotori/post/DSZe_iUE_u4,"옥상 테라스 청소할 엄두가 안나서
로봇청소기한테 시켰는데
진짜 돈값한다ㅋㅋ???? 
1
/
2",조회 365회,2025-12-18T08:31:37.000Z,1,1,,0,조회 17회,2026-02-13 14:18:44
https://www.threads.com/@arch_dotori/post/DSXzbf7k16n,"이쯤되니까 이쁜것 보다는 실용적인게 최고야???? 
1
/
2",조회 401회,2025-12-17T16:51:43.000Z,1,1,,0,조회 14회,2026-02-13 14:19:34
https://www.threads.com/@arch_dotori/post/DSXx5CJk3ba,"5분만에 1억원 벌 수 있던 비결..ㄷㄷ?? 
1
/
2",조회 81회,2025-12-17T16:38:17.000Z,1,1,,0,조회 12회,2026-02-13 14:20:35
https://www.threads.com/@arch_dotori/post/DSXvIr9E_GV,"복잡한 거 필요없이 물티슈 한장이면 된다고???? 
1
/
2",조회 1.1천회,2025-12-17T16:14:12.000Z,1,1,,1,조회 22회,2026-02-13 14:21:34
https://www.threads.com/@arch_dotori/post/DSXuhAxk5nV,"테이프 한번은 괜찮은데 반복작업 번거롭잖아..
버튼 딸깍하면 되니까 완전 편하다ㅋㅋ?? 
1
/
2",조회 435회,2025-12-17T16:08:47.000Z,5,1,,0,조회 16회,2026-02-13 14:22:19
https://www.threads.com/@arch_dotori/post/DSXt3-pk766,"집에서 페인트 칠할 때 꼭 이렇게 해봐! 
1
/
2",조회 1.6만회,2025-12-17T16:03:11.000Z,11,1,1,5,조회 59회,2026-02-13 14:23:17
https://www.threads.com/@arch_dotori/post/DSXHrrKk1GM,"대만가면 꼭 먹어봐..!??
비쥬얼 진짜 대박???? 
1
/
2",조회 473회,2025-12-17T10:29:27.000Z,3,1,,0,조회 12회,2026-02-13 14:24:18
https://www.threads.com/@arch_dotori/post/DSVScYnk6Pr,"??혼자 여행가는 여자들 반드시 주목!!
이거 하나로 안전지수+100???? 
1
/
2",조회 842회,2025-12-16T17:25:00.000Z,1,1,,0,조회 24회,2026-02-13 14:25:20
https://www.threads.com/@arch_dotori/post/DSVOFs1E5qO,"와.. 머리핀 하고 눕고 싶었었는데
내 소원이 이루어졌어ㅋㅋ???? 
1
/
2",조회 932회,2025-12-16T16:46:57.000Z,3,1,,0,조회 23회,2026-02-13 14:26:09
https://www.threads.com/@arch_dotori/post/DSVJ4iNE_5a,"1초만에 지나간 자리 각질이 초토화??
내 두눈으로 보기 전까진 진짜 못믿었음?? 
1
/
2",조회 397회,2025-12-16T16:10:12.000Z,1,1,,0,조회 21회,2026-02-13 14:27:00
https://www.threads.com/@arch_dotori/post/DSUTWzdk5Yb,"인도 전통 사탕 제조 방법이라는데..?
먹으면 강해질 것 같아 
1
/
2",조회 6.7만회,2025-12-16T08:13:44.000Z,15,3,,35,조회 1.2천회,2026-02-13 14:27:57
https://www.threads.com/@arch_dotori/post/DSSWsTBk15f,"MZ힙쟁이들이 몰래 신고 다니는 신발??
구두같은데 나이키임ㅋㅋ??
다들 한번씩 쳐다본다구?? 
1
/
2",조회 387회,2025-12-15T14:04:24.000Z,2,1,,0,조회 115회,2026-02-13 14:28:56
https://www.threads.com/@arch_dotori/post/DSSVtIIk_pt,"이거까진 알려주고 싶지 않았는데..
점심에 김치 한주먹 먹어도??
이거면 1초만에 입냄새 제로?? 
1
/
2",조회 2.8천회,2025-12-15T13:55:47.000Z,10,1,3,5,조회 270회,2026-02-13 14:29:55
https://www.threads.com/@arch_dotori/post/DSSUkUlE5a7,"컨버스 신발이 수작업인거 처음 알았네??
몇년을 해야 저렇게 그릴 수 있을까?? 
1
/
2",조회 9.8천회,2025-12-15T13:45:50.000Z,15,3,1,2,조회 176회,2026-02-13 14:30:55
https://www.threads.com/@arch_dotori/post/DSRnZRsE9C3,"유난히 깨끗한 집의 비결??
친구가 청소하는 거 보여줬는데
혼자 엄청 편하게 청소하고 있었음.. 
1
/
2",조회 2.4만회,2025-12-15T07:11:07.000Z,10,3,,8,조회 733회,2026-02-13 14:31:55
https://www.threads.com/@arch_dotori/post/DSRm0psE4Yt,"현직 승무원이 알려주는 캐리어 꿀팁?? 
1
/
2",조회 5.5만회,2025-12-15T07:06:07.000Z,119,1,4,88,조회 899회,2026-02-13 14:32:55
https://www.threads.com/@arch_dotori/post/DSRlaTxE-lP,"이케아 미쳤네..!
어떻게 모서리에 딱 맞는 물통을 만든 거지??
청소할때 너무 편함 ??? 
1
/
2",조회 674회,2025-12-15T06:53:47.000Z,4,1,,1,조회 78회,2026-02-13 14:33:41
https://www.threads.com/@arch_dotori/post/DSQvAD4k--K,"아무에게도 알려주지 않는??
나만의 스트레스 해소법??
아무리 바쁜날도 꼭 하고 잔다구?? 
1
/
2",조회 29만회,2025-12-14T22:58:20.000Z,88,5,1,35,조회 1.7천회,2026-02-13 14:34:25
https://www.threads.com/@arch_dotori/post/DSQuegQkwNR,"와 수세미 샤워볼이 이렇게 나오는 거였구나 ?? 
1
/
2",조회 1.6천회,2025-12-14T22:53:45.000Z,1,1,,0,조회 87회,2026-02-13 14:35:27
https://www.threads.com/@arch_dotori/post/DSM2JxCE-4L,"멍때리고 듣게 됨..??
오늘 처럼 비오는 날 소리 들으며 힐링?? 
1
/
2",조회 3.2천회,2025-12-13T10:43:52.000Z,13,9,,1,조회 108회,2026-02-13 14:36:29
https://www.threads.com/@arch_dotori/post/DSMx3izk7ef,"아 내가 여태까지 잘못 쓰고 있었던거 같은데???? 
1
/
2",조회 428회,2025-12-13T10:06:26.000Z,3,1,1,0,조회 63회,2026-02-13 14:37:19
https://www.threads.com/@arch_dotori/post/DSMuXUjk8-h,"소개팅 망했다..
아우터 벗으면서??
상대여자랑 원치 않는 눈맞춤 해버림..
이거 할걸..???? 
1
/
2",조회 1.9천회,2025-12-13T09:35:49.000Z,1,1,,0,조회 56회,2026-02-13 14:38:03
https://www.threads.com/@arch_dotori/post/DSMsQ73k24F,"진심 데이트 신의 아이템 ??
한 번 눌러도 입냄새 리셋됨
진지하게 모든 사람들이 ????
이걸 가지고 있었으면 좋겠음.. 
1
/
2",조회 286회,2025-12-13T09:17:28.000Z,2,1,,0,조회 51회,2026-02-13 14:38:50
https://www.threads.com/@arch_dotori/post/DSMZIS8E1Rj,"??주의 : 랩틸리언으로 오해받을 수 있음
이거 쓰고 발이 허물 벗듯이 깨끗해짐???? 
1
/
2",조회 7.1천회,2025-12-13T06:30:16.000Z,2,3,,0,조회 185회,2026-02-13 14:39:44
https://www.threads.com/@arch_dotori/post/DSMYHnDkxEl,"????: 넌 손목에 뭘 끼고 다니는 거야?
????: 한국인이라면 언제든
마늘을 다질 준비가 되어있어야 해.?? 
1
/
2",조회 7.3만회,2025-12-13T06:21:26.000Z,7,1,,4,조회 291회,2026-02-13 14:40:28
https://www.threads.com/@arch_dotori/post/DSMXVN-EyTp,"짝남이 독서실에 두고감..??
꺅?? 넘 창의적으로 설레잖아~~?? 
1
/
2",조회 1.6만회,2025-12-13T06:14:33.000Z,8,1,,3,조회 206회,2026-02-13 14:41:16
https://www.threads.com/@arch_dotori/post/DSMQhfVE-by,"이거 끼니까 엄마 잔소리 싹 들어감
칼질이 이렇게 쉬울줄이야..?? 
1
/
2",조회 4.1만회,2025-12-13T05:15:03.000Z,87,1,3,30,조회 595회,2026-02-13 14:41:59
https://www.threads.com/@arch_dotori/post/DSMP7tAkyL-,"캬 상상만 해도 기분이 좋다?? 
1
/
2",조회 2.2천회,2025-12-13T05:09:54.000Z,2,1,,0,조회 37회,2026-02-13 14:42:48
https://www.threads.com/@arch_dotori/post/DSMPXkFE1gQ,"화장실 청소한다고 들어가서??
3시간째 안나오는 남친ㅋㅋㅋㅋ?? 
1
/
2",조회 7.8만회,2025-12-13T05:04:58.000Z,54,8,1,37,조회 564회,2026-02-13 14:43:35
https://www.threads.com/@arch_dotori/post/DSMO48dk3yE,"??이 방법으로 아침에 지각을 안지각으로 바꿈
??과일 좋아하는 사람이면 특히 주목!!! 
1
/
2",조회 421회,2025-12-13T05:00:47.000Z,2,1,,0,조회 23회,2026-02-13 14:48:00
https://www.threads.com/@arch_dotori/post/DSMNxKikxrh,"영상 보고 그냥 따라 접었을 뿐인데
책 위에 올려두자마자 감성 흘러넘침??
페이지 넘길 때마다 기분 좋아짐???? 
1
/
2",조회 151회,2025-12-13T04:50:59.000Z,1,1,,0,조회 22회,2026-02-13 14:48:53
https://www.threads.com/@arch_dotori/post/DSMNS5XE9Sn,"이거 바르니까 옆자리 앉은 사람이
차에서 좋은냄새 난다길래
내 냄새라고 알려줬어ㅋㅋ?? 
1
/
2",조회 149회,2025-12-13T04:46:51.000Z,1,1,,0,조회 18회,2026-02-13 14:49:50
https://www.threads.com/@arch_dotori/post/DSMLweXk4OV,"집에서 튀김하면??
기름 너무 많이써서 부담스럽잖아ㅠㅠ??
채에다 기름 거를수도 있어서
자주 해먹으면 식당보다 깨끗하게 먹을듯??! 
1
/
2",조회 808회,2025-12-13T04:33:25.000Z,1,1,,0,조회 18회,2026-02-13 14:50:47
https://www.threads.com/@arch_dotori/post/DSMJJUSE6lm,"난 내가 이렇게 하얀 이를 가지게 될줄 몰랐다..
이거 치과 의사 쌤 추천으로
써보기 시작했는데??
한달도 안돼서
이빨 이렇게 바뀜???? 
1
/
2",조회 57회,2025-12-13T04:10:35.000Z,1,1,,0,조회 19회,2026-02-13 14:51:43
https://www.threads.com/@arch_dotori/post/DSMIfC3kxtZ,"세상에 진주가 이렇게 다양하다니..!???? 
1
/
2",조회 4.6만회,2025-12-13T04:04:49.000Z,9,2,,3,조회 142회,2026-02-13 14:52:29
https://www.threads.com/@arch_dotori/post/DSMIGuok7MB,"이제 해동할때 여기다 올려두고??
밑간하고 다른거 준비하다보면
벌써 다녹아있음???? 
1
/
2",조회 4.4천회,2025-12-13T04:01:30.000Z,2,1,,0,조회 68회,2026-02-13 14:53:31
https://www.threads.com/@arch_dotori/post/DSK-_uykzWb,"여친이랑 헤어졌지만..괜찮아..!
나에겐 이게 있거든..!?? 
1
/
2",조회 72회,2025-12-12T17:22:40.000Z,1,1,,0,조회 14회,2026-02-13 14:54:23
https://www.threads.com/@arch_dotori/post/DSILHBjE9uc,"요즘 물가 넘 올랐잖아!??
한우만 잠깐 내려온 시기라는데…?
정육점 당장 간다???? 
1
/
2",조회 4.6천회,2025-12-11T15:10:47.000Z,10,1,,0,조회 56회,2026-02-13 14:55:09
https://www.threads.com/@arch_dotori/post/DSIKXVeEyHj,"딸이 아침밥을 안먹어..
너무 이쁘다고 사진찍더니
아까워서 어떻게 먹냬???? 
1
/
2",조회 879회,2025-12-11T15:04:17.000Z,1,1,,0,조회 37회,2026-02-13 14:56:12
https://www.threads.com/@arch_dotori/post/DSIJtmXE2X6,"양말 하루종일 찾아도 없길래
잃어버린 줄 알았는데
이러고 있네..???? 
1
/
2",조회 800회,2025-12-11T14:58:35.000Z,4,1,,0,조회 30회,2026-02-13 14:56:57
https://www.threads.com/@arch_dotori/post/DSIJHwME0TJ,"여자친구가 싸준 도시락 보고 깜짝 놀란이유??
일 잘하는지 감시하겠다고 함..???? 
1
/
2",조회 9.2만회,2025-12-11T14:53:25.000Z,13,1,,10,조회 3.6천회,2026-02-13 14:57:51
https://www.threads.com/@arch_dotori/post/DSIImRykzZY,"소바집에 이런 볼펜이 있네..
확실히 주인이 감다살????
자주 갈듯?? 
1
/
2",조회 2.2천회,2025-12-11T14:48:51.000Z,7,1,,1,조회 41회,2026-02-13 14:58:45
https://www.threads.com/@arch_dotori/post/DSIIPEmEwHJ,"아니 남자친구가 완전 t라서
실용적인 선물만 좋아라 받거든?
꽃은 떨떠름 하게 왜 사왔냐 이러는데??
이거 받으니까 바로 함박미소???? 
1
/
2",조회 866회,2025-12-11T14:45:41.000Z,4,1,,2,조회 42회,2026-02-13 14:59:32
https://www.threads.com/@arch_dotori/post/DSIHqcIk6PH,"절대 썩지 않는 포도가 여기 있다
이 포도는 맛과 식감 향까지 똑같지만
사실 포도가 아니다. 젤리다 
1
/
2",조회 1.3천회,2025-12-11T14:40:40.000Z,3,1,,0,조회 37회,2026-02-13 15:00:31
https://www.threads.com/@arch_dotori/post/DSFay0lk9b5,"좀 웃기긴 해도..
고속도로에서 화장실 가고 싶을땐
뭐라도 붙잡고 싶어진다?? 
1
/
2",조회 6.8만회,2025-12-10T13:30:07.000Z,22,3,,12,조회 347회,2026-02-13 15:01:27
https://www.threads.com/@arch_dotori/post/DSEnuoLkwDg,"절대 시들지 않는 꽃??
이제 곧 기념일인데 조금 더 연습하면
완전 감동적인 선물 줄 수 있겠다ㅎㅎ?? 
1
/
2",조회 1.6천회,2025-12-10T06:03:54.000Z,5,1,,4,조회 51회,2026-02-13 15:02:13
https://www.threads.com/@arch_dotori/post/DSEnTvqE9gS,"어디로 가도 찾을 수 없던 낭만적인 세계
내 주머니안에서 찾았네..???? 
1
/
2",조회 2.1만회,2025-12-10T06:00:14.000Z,479,9,9,12,조회 190회,2026-02-13 15:02:59
https://www.threads.com/@arch_dotori/post/DSEm57KE3dH,"쓰레드가 우리들 대화 엿듣는 거 같아..??
친구랑 홈트해야겠다고 얘기하고 있었는데
알고리즘이 이거 띄워줌ㄷㄷ?? 
1
/
2",조회 930회,2025-12-10T05:56:43.000Z,2,1,,0,조회 31회,2026-02-13 15:04:01
https://www.threads.com/@arch_dotori/post/DSEmX7KE_SL,"쓰친이 고객님~??
주문하신 인도식 환경호르몬에 샷추가 드리겠습니다~?? 
1
/
2",조회 1.2천회,2025-12-10T05:52:04.000Z,1,1,,0,조회 37회,2026-02-13 15:05:01
https://www.threads.com/@arch_dotori/post/DSElzznE_HA,"이거 보여주려고 타투 한거야????? 
1
/
2",조회 1만회,2025-12-10T05:47:08.000Z,3,1,2,1,조회 62회,2026-02-13 15:05:51
https://www.threads.com/@arch_dotori/post/DSElXuHk1l0,"치과의사 쌤은 싫어하는 아이템ㅋㅋ??
병원비 절반으로 줄어든다고 싫어함?? 
1
/
2",조회 137회,2025-12-10T05:43:18.000Z,1,1,,0,조회 21회,2026-02-13 15:06:36
https://www.threads.com/@arch_dotori/post/DSDRuDckwG9,"이 사탕 모르고 살았다면, 사실 이제 알면 됨??
돌사탕 처럼 입에서 달그락달그락 거리는 맛 꿀잼
식감 맛 둘다 탑티어~~ 
1
/
2",조회 2.1천회,2025-12-09T17:32:21.000Z,13,1,,0,조회 101회,2026-02-13 15:07:25
https://www.threads.com/@arch_dotori/post/DSDROS_E3JL,"이게 말로만 듣던 목주름 로션?
무인양품꺼 주변에서 하도 얘기해서 쓰기 시작했는데
반 통도 안썼는데 효과 미쳤네;
인생 다섯번 손해봄???? 
1
/
2",조회 2.7천회,2025-12-09T17:28:01.000Z,17,1,,6,조회 194회,2026-02-13 15:08:13
https://www.threads.com/@arch_dotori/post/DSDQuILk0p6,"이런거 진짜 필요했는데
우리 강아지가 사다줌ㅎㅎ 
1
/
2",조회 7.1천회,2025-12-09T17:23:37.000Z,8,1,,1,조회 28회,2026-02-13 15:09:14
https://www.threads.com/@arch_dotori/post/DSDPrZmk_LP,"으아아아아악!!????
너무 이뻐서 한번 소리지르고??
너무 맛있어서 한번 더 소리지름?? 
1
/
2",조회 918회,2025-12-09T17:14:30.000Z,9,1,,0,조회 33회,2026-02-13 15:09:57
https://www.threads.com/@arch_dotori/post/DSDPKtNk2mP,"프라다 로퍼 신고 왔길래
돈 꽤나 썼구나~ 했는데
뉴발 로퍼임;; 짱 편하대 
1
/
2",조회 2.5천회,2025-12-09T17:10:03.000Z,3,1,,1,조회 102회,2026-02-13 15:10:41
https://www.threads.com/@arch_dotori/post/DSDOZn_kyFh,"이런 주전부리는 일본 전문이지~
동결건조 사과칩인데
달달 바삭바삭 완전 맛도리?? 
1
/
2",조회 225회,2025-12-09T17:03:21.000Z,2,1,,0,조회 18회,2026-02-13 15:11:29
https://www.threads.com/@arch_dotori/post/DSDN_pjEzpn,"에휴.. 차에 냄새배는 거 보단 나은 듯 
1
/
2",조회 8.4천회,2025-12-09T16:59:48.000Z,5,1,,0,조회 52회,2026-02-13 15:12:20
https://www.threads.com/@arch_dotori/post/DSDNs6kk1KY,"내가 평생을 찾아온 물건.. 
1
/
2",조회 158회,2025-12-09T16:57:14.000Z,2,1,,0,조회 18회,2026-02-13 15:13:23
https://www.threads.com/@arch_dotori/post/DSDNQULE8Tz,"완벽한 사랑은 뭘까?
너 한입, 나 한입
나눠 먹으면서 넷플릭스 보는 이런 거..? 
1
/
2",조회 1.1천회,2025-12-09T16:53:20.000Z,1,1,,1,조회 14회,2026-02-13 15:14:06
https://www.threads.com/@arch_dotori/post/DSDM2wFEww8,"아 그거 그렇게 쓰는거 아니랬지!!! 
1
/
2",조회 1.6천회,2025-12-09T16:49:51.000Z,1,1,,0,조회 56회,2026-02-13 15:14:58
https://www.threads.com/@arch_dotori/post/DSCNHhfE-Tp,"머리감고 나오면 아침밥 만들어져있네ㅋㅋ
스무디 밖에서 사먹으면 너무 비싸잖아???
그렇다고 만들어 먹기엔 설거지 생기고ㅠ??
딸깍하면 만들어지는 거 넘 편해서
꼭 써봤으면 좋겠어???? 
1
/
2",조회 3천회,2025-12-09T07:32:54.000Z,1,1,,0,조회 46회,2026-02-13 15:15:45
https://www.threads.com/@arch_dotori/post/DR_qPagkzDw,"슈퍼맨 책꽂이 슈퍼 멋짐!???♂?
맨멋짐 
1
/
2",조회 1천회,2025-12-08T07:49:39.000Z,5,1,,0,조회 33회,2026-02-13 15:16:31
https://www.threads.com/@arch_dotori/post/DR_pBL9k3qx,"ㅇ아니 진짜 앞머리 있고 없고 차이가 이정도????
앞머리 가발 비포 애프터 확실하네..ㄷㄷ??????? 
1
/
2",조회 1.2천회,2025-12-08T07:38:58.000Z,2,1,,0,조회 37회,2026-02-13 15:17:30
https://www.threads.com/@arch_dotori/post/DR_oBItk0on,"입냄새 원인은 '백태'??
워터픽 하고나서 입냄새 싹 사라졌대?? 
1
/
2",조회 2.5만회,2025-12-08T07:30:14.000Z,6,1,,0,조회 86회,2026-02-13 15:18:28
https://www.threads.com/@arch_dotori/post/DR_jFV_E1Vo,"버섯 손질 이렇게 하는거 맞음? 흙묻었길래 
1
/
2",조회 1.7천회,2025-12-08T06:47:07.000Z,2,1,,0,조회 74회,2026-02-13 15:19:11
https://www.threads.com/@arch_dotori/post/DR_Jarfk5O-,"용도가 몇 개야?
침대..소파.. 공간활용 끝판왕인듯???? 
1
/
2",조회 191회,2025-12-08T03:02:50.000Z,1,1,,0,조회 53회,2026-02-13 15:20:00
https://www.threads.com/@arch_dotori/post/DR_ISn-Exn2,"아니 지금 뭐하는 거야?? 
1
/
2",조회 173회,2025-12-08T02:53:41.000Z,2,1,,0,조회 52회,2026-02-13 15:20:41
https://www.threads.com/@arch_dotori/post/DR_H9wAE4Un,"햇살 받으며 귤 껍질 까봤는데..?? 
1
/
2",조회 368회,2025-12-08T02:50:09.000Z,1,1,,0,조회 41회,2026-02-13 15:21:32
https://www.threads.com/@arch_dotori/post/DR9Tq-KE4qP,"채칼 하나 바꿨는데 이렇게 잘 깎일줄이야ㄷㄷ 
1
/
2",조회 7천회,2025-12-07T09:53:58.000Z,1,1,,0,조회 201회,2026-02-13 15:22:17
https://www.threads.com/@arch_dotori/post/DR9RtJTE8cv,"잠..잠깐만..!??
그렇게 손부터 가면 안돼..! 
1
/
2",조회 31만회,2025-12-07T09:36:47.000Z,36,1,,83,조회 1만회,2026-02-13 15:23:18
https://www.threads.com/@arch_dotori/post/DR9QjICEwcT,"방이 왠지모르게 지저분한 이유는???
아무리 깨끗해도 창 밖까지는 못닦으니까~~???? 
1
/
2",조회 741회,2025-12-07T09:26:40.000Z,1,1,,0,조회 112회,2026-02-13 15:24:00
https://www.threads.com/@arch_dotori/post/DR9P07Jk_gP,"헤어지고 3일 뒤에 산 내 팔찌야..
이거 참 예쁘지 않니..? 
1
/
2",조회 5만회,2025-12-07T09:20:22.000Z,9,1,,7,조회 296회,2026-02-13 15:24:42
https://www.threads.com/@arch_dotori/post/DR7OAjNEyXq,"??'조명'은 내 방의 다른것들을 비춰 빛나게 한다.
근데 조명이 스스로 주인공이 된다면???? 
1
/
2",조회 415회,2025-12-06T14:26:00.000Z,3,1,,0,조회 64회,2026-02-13 15:25:37
https://www.threads.com/@arch_dotori/post/DR7MeOjExar,"확실히 일본이 화장실 용품 깔끔하게 잘한다니까..??
이거면 물때 세균번식 걱정 없을듯?? 
1
/
2",조회 663회,2025-12-06T14:12:34.000Z,5,1,,0,조회 51회,2026-02-13 15:26:32
https://www.threads.com/@arch_dotori/post/DR7LX42k9ug,"환자들을 위한 침대라는데..
이거 기능이 대체 몇개나 될까
나 집순이인데 여기서 살고싶다ㅎ 
1
/
2",조회 1.6만회,2025-12-06T14:02:58.000Z,1,1,,3,조회 84회,2026-02-13 15:27:35
https://www.threads.com/@arch_dotori/post/DR7KPuBk45t,"나 이재용하고 같은 립밤 쓴다ㅎㅎ??
쓸때 이재용처럼 가리고 쓰면 간지 x2?? 
1
/
2",조회 4.5천회,2025-12-06T13:53:07.000Z,3,1,,1,조회 187회,2026-02-13 15:28:35
https://www.threads.com/@arch_dotori/post/DR7Ii-hEzlI,"인생안주 찾았다..??
감자칩에 크림치즈 단짠 환상조합??
친구들 더 달라고 난리ㅠ 더 사놓을걸?? 
1
/
2",조회 1.3천회,2025-12-06T13:38:16.000Z,9,1,,1,조회 64회,2026-02-13 15:29:20
https://www.threads.com/@arch_dotori/post/DR7Gb_GkxTF,"후임이 가지고 온 키보드 넘 치명적??
MZ라 귀여움도 남다르네?? 
1
/
2",조회 742회,2025-12-06T13:19:50.000Z,5,1,,1,조회 36회,2026-02-13 15:30:20
https://www.threads.com/@arch_dotori/post/DR7FHSjE574,"사수가 이거 입고 왔는데 처음엔 몰랐다?
한번 보고 나니까 시선강탈 오짐??
바지만 보임?? 
1
/
2",조회 1.4천회,2025-12-06T13:08:16.000Z,3,1,,1,조회 63회,2026-02-13 15:34:33
https://www.threads.com/@arch_dotori/post/DR7BwW4k5Eg,"내가 괜히 라면 먹고 배나온게 아니었네;; 
1
/
2",조회 12만회,2025-12-06T12:38:56.000Z,27,3,3,71,조회 7.2천회,2026-02-13 15:35:21
https://www.threads.com/@arch_dotori/post/DR5vdwPkxBi,"한마디없이 내향인들이 기빨림을 표현하는 법 
1
/
2",조회 694회,2025-12-06T00:39:52.000Z,1,1,,2,조회 39회,2026-02-13 15:36:20
https://www.threads.com/@arch_dotori/post/DR4plu2kxsx,"이거 주고 여자친구 울려버림..?? 
1
/
2",조회 567회,2025-12-05T14:29:17.000Z,1,1,,0,조회 42회,2026-02-13 15:37:12
https://www.threads.com/@arch_dotori/post/DR4o38ik_Z9,"1g도 빠뜨리지 않겠어..! 
1
/
2",조회 3.4천회,2025-12-05T14:23:02.000Z,3,5,,0,조회 43회,2026-02-13 15:38:05
https://www.threads.com/@arch_dotori/post/DR4ofH9k-4q,"공장경력 15년차 삼촌이 매일 신던 신발
진짜 대박 단단ㄷㄷ 
1
/
2",조회 3.4만회,2025-12-05T14:19:38.000Z,8,1,,9,조회 517회,2026-02-13 15:38:51
https://www.threads.com/@arch_dotori/post/DR4k_v4Eyhy,"크리스마스 트리 만들기 너무 쉽잖아~??
뜯기만 했는데 애들이 신나서 완성시킴?? 
1
/
2",조회 459회,2025-12-05T13:49:08.000Z,2,1,,0,조회 22회,2026-02-13 15:39:42
https://www.threads.com/@arch_dotori/post/DR4hFG3EzNe,"2025년 콘서트 20번 다녀온 친구 추천템??
이렇게나 멀리서 보인다는게 놀랍다?? 
1
/
2",조회 510회,2025-12-05T13:14:55.000Z,2,1,,0,조회 25회,2026-02-13 15:40:36
https://www.threads.com/@arch_dotori/post/DR30TeJk981,"내가 본 차량 장식품 중에 최고는 이거야??
끝까지 보면 배 뒤집힘?? 
1
/
2",조회 2.1만회,2025-12-05T06:43:40.000Z,12,1,,0,조회 122회,2026-02-13 15:41:29
https://www.threads.com/@arch_dotori/post/DR2IH2cE1cX,"이제 집에있는 손톱깎이 다 가져다 버려야겠다 
1
/
2",조회 9.2천회,2025-12-04T14:58:22.000Z,7,5,,0,조회 82회,2026-02-13 15:42:27
https://www.threads.com/@arch_dotori/post/DR2G8hrE6ia,"자네 주량이 어떻게 되나?
?? : 87잔이요 
1
/
2",조회 1.7천회,2025-12-04T14:48:05.000Z,6,1,,0,조회 26회,2026-02-13 15:43:27
https://www.threads.com/@arch_dotori/post/DR2Fr6Uk-lD,"첫눈이라니.. 겨울이 온게 실감나??
이렇게 많이 왔을 땐 눈오리 만들어줘야징?? 
1
/
2",조회 397회,2025-12-04T14:37:04.000Z,2,1,,0,조회 22회,2026-02-13 15:44:28
https://www.threads.com/@arch_dotori/post/DR2EE6Uk4I9,"패딩으로 상반신은 따뜻한데, 그럼 하반신은???
다리까지 따뜻하니까 겨울온줄 잊어버림?? 
1
/
2",조회 576회,2025-12-04T14:23:00.000Z,2,1,,0,조회 24회,2026-02-13 15:45:22
https://www.threads.com/@arch_dotori/post/DR2C2L5Ew41,"으.. 빨리 내 눈 앞에서 사라져!???? 
1
/
2",조회 2.8천회,2025-12-04T14:12:15.000Z,2,1,,0,조회 25회,2026-02-13 15:46:17
https://www.threads.com/@arch_dotori/post/DR1VdraEy0K,"샤워할 때 물 안빠져서 고민이었는데..????
2초만에 깔끔해짐???? 
1
/
2",조회 257회,2025-12-04T07:35:42.000Z,1,1,,0,조회 22회,2026-02-13 15:47:04
https://www.threads.com/@arch_dotori/post/DR1K5UJk94-,"아니 사람을 업고 뛰는데 안미끄러지네;??
현대과학이란 정말 놀랍다????? 
1
/
2",조회 1.1만회,2025-12-04T06:03:21.000Z,3,1,,0,조회 132회,2026-02-13 15:48:00
https://www.threads.com/@arch_dotori/post/DR1EQmxkyO9,"나 너무 못된거 같아ㅠㅠ??
이걸로 싫어하는 사람
탈모걸리게 해달라고 저주해?? 
1
/
2",조회 1천회,2025-12-04T05:05:22.000Z,1,1,,0,조회 26회,2026-02-13 15:48:50
https://www.threads.com/@arch_dotori/post/DRy2r1kk2KJ,"요리 초보도 3초안에 파채 만들수 있다??
설거지도 쉬워서 두고두고 쓸 듯~~?? 
1
/
2",조회 233회,2025-12-03T08:28:16.000Z,1,1,,0,조회 52회,2026-02-13 15:49:35
https://www.threads.com/@arch_dotori/post/DRy05OMkz-J,"??이비인후과 의사는 일반면봉으로 귀 안판다는데?
귀지가 오히려 안으로 들어가서??
귀를 막을 수 있다고~~?? 
1
/
2",조회 550회,2025-12-03T08:12:37.000Z,2,1,,0,조회 43회,2026-02-13 15:50:22
https://www.threads.com/@arch_dotori/post/DRyyx3Ik0Rh,"쓰친이들아 오늘저녁으로 족발덮밥 어때?
탄단지 맛 뭐하나 빠지는 게 없다..?? 
1
/
2",조회 2만회,2025-12-03T07:54:27.000Z,102,51,2,15,조회 803회,2026-02-13 15:51:17
https://www.threads.com/@arch_dotori/post/DRyxKsoE1qw,"김부장 드라마 보고 있는 쓰친이 있어?
보다 느낀게 약과가 진짜 맛있어 보이더라..
똑같은거 찾아서 바로 주문해버림ㅎㅎ 
1
/
2",조회 823회,2025-12-03T07:40:03.000Z,1,1,,0,조회 65회,2026-02-13 15:52:18
https://www.threads.com/@arch_dotori/post/DRyuJ31Eye3,"숨막혀 죽는 새가 있다??
이산화탄소 농도가 높아지면??
새가 고꾸라지는 측정기라는데..??
겨울철 환기 자주하게 시켜주는 꿀템!?? 
1
/
2",조회 767회,2025-12-03T07:13:43.000Z,5,3,1,0,조회 50회,2026-02-13 15:53:18
https://www.threads.com/@arch_dotori/post/DRysyH2k2z2,"우리 집 프로 비염러들
이거 생기니까 드디어 숙면..??
겨울철마다 코 드릉대는사람 꼭써보길..?? 
1
/
2",조회 501회,2025-12-03T07:01:45.000Z,2,1,,0,조회 36회,2026-02-13 15:54:18
https://www.threads.com/@arch_dotori/post/DRxHee4k0qT,"500원으로 크리스마스 감성 내는법???? 
1
/
2",조회 1.1천회,2025-12-02T16:16:31.000Z,6,3,1,8,조회 54회,2026-02-13 15:55:01
https://www.threads.com/@arch_dotori/post/DRxFpJBEx0G,"??이 방법으로 아침에 지각을 안지각으로 바꿈
??과일 좋아하는 사람이면 특히 주목!! 
1
/
2",조회 5.1만회,2025-12-02T16:00:29.000Z,33,4,1,21,조회 390회,2026-02-13 15:56:03
https://www.threads.com/@arch_dotori/post/DRxEpCYE3de,"오뚜기에는 독심술사가 있다..??
그게 아니라면 이렇게 딱 필요한걸 만들수 없어?? 
1
/
2",조회 4.6천회,2025-12-02T15:51:44.000Z,11,2,,0,조회 129회,2026-02-13 15:56:49
https://www.threads.com/@arch_dotori/post/DRxD8fvk7_W,"나름 귀여운 방식으로??
스트레스 먹어치우는 방법???? 
1
/
2",조회 4.8천회,2025-12-02T15:45:39.000Z,9,1,,0,조회 43회,2026-02-13 15:57:36
https://www.threads.com/@arch_dotori/post/DRwstmok9Pc,"예술작품인줄 알았는데???
옷걸이래..!????
코트 거니까 더 예술작품 같네?? 
1
/
2",조회 479회,2025-12-02T12:22:39.000Z,1,1,,1,조회 50회,2026-02-13 15:58:34
https://www.threads.com/@arch_dotori/post/DRwN8kfE7RE,"어른들은 누구나..
밤에 비눗방울 막대기를 들고??
전력질주 하는 것을 꿈꾼다???♂??? 
1
/
2",조회 1천회,2025-12-02T07:53:48.000Z,14,5,,0,조회 93회,2026-02-13 15:59:26
https://www.threads.com/@arch_dotori/post/DRvlopKE40m,"어그 첫 개시날부터 길냥이한테 축복받음…??
이거 행운 부적 맞지?
나 오늘 뭐든 될 것 같아???? 
1
/
2",조회 7.7천회,2025-12-02T02:01:34.000Z,608,15,9,11,조회 461회,2026-02-13 16:00:14
https://www.threads.com/@arch_dotori/post/DRua5rEEzsd,"키티 50주년 키링이라는데?????
뒷면 거울로 외모췍 가능?? 
1
/
2",조회 432회,2025-12-01T15:08:31.000Z,6,1,,0,조회 155회,2026-02-13 16:01:01
https://www.threads.com/@arch_dotori/post/DRuVsPZk365,"이 레깅스 신고 헬스장 갔더니
헬스장 아저씨 나한테
하체 알려준다고 말걸음ㅋㅋ???? 
1
/
2",조회 8.8만회,2025-12-01T14:23:00.000Z,1.1천,217,29,183,조회 4.8천회,2026-02-13 16:01:46
https://www.threads.com/@arch_dotori/post/DRuUqJiE-ZN,"공간 활용도 원탑이네 요거??
테이블 쓰고 접으면 완전 널널해?? 
1
/
2",조회 912회,2025-12-01T14:13:59.000Z,3,1,,0,조회 114회,2026-02-13 16:02:41
https://www.threads.com/@arch_dotori/post/DRuSaXHk_v5,"월드콘 꼬다리만 팔다니..??
너무 좋은 세상에 살고 있는 것 같아??
내 손이 멈추지 않는 탓일까..??? 
1
/
2",조회 831회,2025-12-01T13:54:21.000Z,7,5,,0,조회 82회,2026-02-13 16:03:34
https://www.threads.com/@arch_dotori/post/DRuD2Nck92n,"군고구마의 계절이 왔어요~~ 
1
/
2",조회 109회,2025-12-01T11:47:04.000Z,2,1,,0,조회 70회,2026-02-13 16:04:23
https://www.threads.com/@arch_dotori/post/DRrJSpzk5LI,"한국인 81%는 잘 몰랐던 사실??
"""" 
1
/
2",조회 2.0만회,2025-11-30T08:36:56.000Z,9,1,,1,조회 607회,2026-02-13 16:05:11
https://www.threads.com/@arch_dotori/post/DRrH2nVk2-I,"??후방주의!
반사경 들이고 나니까
일하는데 넘 안심됨..?? 
1
/
2",조회 7.4천회,2025-11-30T08:24:22.000Z,30,1,,1,조회 318회,2026-02-13 16:05:55
https://www.threads.com/@arch_dotori/post/DRrGTlFkxd5,"어떻게 하면 자연스럽게??
나한테 사주게 할 수 있을까..??? 
1
/
2",조회 1천회,2025-11-30T08:10:50.000Z,8,3,1,1,조회 85회,2026-02-13 16:06:53
https://www.threads.com/@arch_dotori/post/DRrB8usk-OU,"아니 그래서 어떻게 풀었다고..??? 
1
/
2",조회 247회,2025-11-30T07:32:46.000Z,1,1,,0,조회 56회,2026-02-13 16:07:50
https://www.threads.com/@arch_dotori/post/DRrABPPk6bE,"??캠핑장 1황 인싸템 강림
불꽃이 번지면 모두 날 바라봄??
팡팡파라바라 팡팡팡???????? 
1
/
2",조회 157회,2025-11-30T07:15:54.000Z,1,1,,0,조회 54회,2026-02-13 16:08:41
https://www.threads.com/@arch_dotori/post/DRq-hWXk-nj,"손? 뜨겁지 않아..??
대신 내 장례식에 이걸 틀어줘..?? 
1
/
2",조회 2.2만회,2025-11-30T07:02:49.000Z,326,1,11,16,조회 444회,2026-02-13 16:09:40
https://www.threads.com/@arch_dotori/post/DRq4lmSkwcX,"이거 사니까 애가 매일 바로 손씻기????
별이 통통하게 나오는 것좀봐???? 
1
/
2",조회 2천회,2025-11-30T06:10:58.000Z,19,1,,2,조회 78회,2026-02-13 16:10:39
https://www.threads.com/@arch_dotori/post/DRoIXJ-ExrB,"실제 1930년대 항해서의 라이터 ♥???
옛날 디자인은 정말 맛있어 최고야 
1
/
2",조회 31만회,2025-11-29T04:31:05.000Z,2.1천,74,62,115,조회 1.2만회,2026-02-13 16:11:31
https://www.threads.com/@arch_dotori/post/DRmxD36k-Fj,"가장 재미있게 봤던 물건 추천좀!
쓰친이들이 여기서 봤던
장난감이나 물건 뭐든 좋아
나도 공유 할테니 쓰친이들도 공유좀~~ 
1
/
3",조회 1.2천회,2025-11-28T15:48:14.000Z,1,2,,0,조회 297회,2026-02-13 16:12:21
https://www.threads.com/@arch_dotori/post/DRmugalkw__,"SF영화 피규어 인줄 알았는데..
반전.. 그릇이었잖아??? 
1
/
2",조회 480회,2025-11-28T15:25:55.000Z,5,2,,0,조회 199회,2026-02-13 16:13:22
https://www.threads.com/@arch_dotori/post/DRmq0ZIE_3j,"처음엔 이게뭐지? 싶었는데
불끄니까 반전..?? 
1
/
2",조회 4.1천회,2025-11-28T14:53:41.000Z,70,1,2,6,조회 236회,2026-02-13 16:14:22
https://www.threads.com/@arch_dotori/post/DRmiY7DE7Ng,"미용실 가기전과 후의 내 모습 
1
/
2",조회 586회,2025-11-28T13:40:02.000Z,4,1,,0,조회 141회,2026-02-13 16:15:16
https://www.threads.com/@arch_dotori/post/DRmg56hE7VC,"몰래 뉴발란스 운동화 신고 출근하기..??
사실상 구두잖아????? 
1
/
2",조회 976회,2025-11-28T13:27:04.000Z,4,1,,2,조회 166회,2026-02-13 16:15:58
https://www.threads.com/@arch_dotori/post/DRmgXxdEza8,"??물 주는 화분은 가라..
이제 화분은 물 안주는 시대!???? 
1
/
2",조회 403회,2025-11-28T13:22:24.000Z,4,1,,0,조회 104회,2026-02-13 16:16:53
https://www.threads.com/@arch_dotori/post/DRmfrSxk15S,"빈티지 감성미쳤다..??
이게 우리가 원하던 감성이지?? 
1
/
2",조회 901회,2025-11-28T13:16:20.000Z,7,1,,0,조회 107회,2026-02-13 16:17:41
https://www.threads.com/@arch_dotori/post/DRmen-pk9Dg,"애들이 이거하느라 놀아달라 안하네??
애들체력이 얼마나 좋은지..?? 
1
/
2",조회 623회,2025-11-28T13:07:08.000Z,2,1,,0,조회 94회,2026-02-13 16:22:42
https://www.threads.com/@arch_dotori/post/DRmb8ARE1NF,"진짜 이런 물총은 어디서 알고 사오는 거지???
이런게 세상에 존재하는 줄도 몰랐다..???? 
1
/
2",조회 2.5만회,2025-11-28T12:43:39.000Z,185,34,10,34,조회 13회,2026-02-13 16:23:38
https://www.threads.com/@arch_dotori/post/DRmZ5NCk0mm,"짝남이 독서실에 두고감..??
꺅?? 넘 창의적으로 설레잖아~~~?? 
1
/
2",조회 5.6만회,2025-11-28T12:25:48.000Z,161,1,4,65,조회 1.2천회,2026-02-13 16:24:40
https://www.threads.com/@arch_dotori/post/DRmXmJxk4oK,"남자친구보다 내가 더 즐기는 중ㅋㅋ??
이런 걸 사왔냐고 구박해서 미안..???♀? 
1
/
2",조회 236회,2025-11-28T12:05:43.000Z,2,1,,0,조회 71회,2026-02-13 16:25:27
https://www.threads.com/@arch_dotori/post/DRmG8FYE6H0,"이거봐..??
멍때리고 보게 됨..????
집안 분위기 종결자???? 
1
/
2",조회 354회,2025-11-28T09:40:10.000Z,7,1,1,0,조회 60회,2026-02-13 16:26:26
https://www.threads.com/@arch_dotori/post/DRl9tSakwrR,"??수족냉증 있는 사람 이거 절대 쓰지마
너무 좋고 따뜻해서 이전으로 못돌아감?? 
1
/
2",조회 8.7천회,2025-11-28T08:19:30.000Z,19,1,1,4,조회 110회,2026-02-13 16:27:10
https://www.threads.com/@arch_dotori/post/DRl73kqkzFd,"이거 원리 아는 쓰친이 있어???
노래에 맞춰서 막 춤 추는데ㅋㅋ????
나도 하나 사주라?? 
1
/
2",조회 685회,2025-11-28T08:03:26.000Z,1,3,,0,조회 60회,2026-02-13 16:28:03
https://www.threads.com/@arch_dotori/post/DRl25s2k0iT,"3초안에 스트레스 해소하는법 공개..
아 스트레스.. 돌아버릴 거 같애..!???? 
1
/
2",조회 2.2만회,2025-11-28T07:20:02.000Z,143,3,11,24,조회 173회,2026-02-13 16:29:02
https://www.threads.com/@arch_dotori/post/DRlVQofk9my,"바삭함만 남긴 페레로로쉐?
겉부분 날려서 맛이 더 응축됨..????
자제력 상실?? 
1
/
2",조회 874회,2025-11-28T02:26:04.000Z,2,1,,0,조회 84회,2026-02-13 16:29:48
https://www.threads.com/@arch_dotori/post/DRlUa1DEydy,"손이 마르고 닳도록 씻는 중..????
별 모양 거품 보려고???? 
1
/
2",조회 617회,2025-11-28T02:18:43.000Z,1,1,,0,조회 63회,2026-02-13 16:30:38
https://www.threads.com/@arch_dotori/post/DRkHdhEk-ZG,"ㅋㅋ넌 샐러드를 마시냐??
동료가 가지고 온거 보고 내가한말???
그런데 어..??? 
1
/
2",조회 2.7천회,2025-11-27T15:06:15.000Z,1,2,1,0,조회 89회,2026-02-13 16:31:31
https://www.threads.com/@arch_dotori/post/DRkFXA3E4tY,"회사에 먹을거 싸가는 쓰친이 있어???
집어먹다 보면 손에 다 묻잖아..??
이 도시락 통 있으면 마우스 깔끔해질 듯??? 
1
/
2",조회 897회,2025-11-27T14:47:53.000Z,1,2,1,2,조회 63회,2026-02-13 16:32:19
https://www.threads.com/@arch_dotori/post/DRj8StzkwaV,"와 고기 단면 미쳤다..??
내일 꼭 스테이크 먹어야지ㅋㅋ 
1
/
2",조회 1.5만회,2025-11-27T13:28:39.000Z,13,1,1,0,조회 94회,2026-02-13 16:33:08
https://www.threads.com/@arch_dotori/post/DRj3FFRk2SQ,"일본 1위 인형뽑기라는데 지금이게???
분명 이렇게 쓰는게 아닐텐데??",조회 9.3천회,2025-11-27T12:43:06.000Z,118,1,3,6,조회 364회,2026-02-13 16:34:01
https://www.threads.com/@arch_dotori/post/DRjsM-uE6w4,"나 남친이랑 싸웠어..
탱크로..!?? 
1
/
2",조회 2.9천회,2025-11-27T11:08:04.000Z,6,3,2,2,조회 105회,2026-02-13 16:34:53
https://www.threads.com/@arch_dotori/post/DRjfmrck8fN,"옷걸이로 크리스마스 장식 만들기??
나도 해볼까?? 
1
/
2",조회 2.1천회,2025-11-27T09:17:59.000Z,16,1,1,4,조회 58회,2026-02-13 16:35:40
https://www.threads.com/@arch_dotori/post/DRjdc_DE7m9,"내가 뭐 먹으면
또 뺏어먹으려는 친구?? 
1
/
2",조회 1.7천회,2025-11-27T08:59:11.000Z,15,1,2,9,조회 53회,2026-02-13 16:36:38
https://www.threads.com/@arch_dotori/post/DRjbc6aE7oy,"못입는 옷 3초안에 딱맞게 입기!??
살빠져서 옷장정리 했는데..??
괜히 했네?? 
1
/
2",조회 6.9천회,2025-11-27T08:41:41.000Z,6,1,,1,조회 71회,2026-02-13 16:37:37
https://www.threads.com/@arch_dotori/post/DRjZAB4k4vA,"집에서 하는 가장 간단한 기분전환?
바로 자석네일?? 
1
/
2",조회 4.8천회,2025-11-27T08:20:16.000Z,6,1,1,2,조회 53회,2026-02-13 16:38:39
https://www.threads.com/@arch_dotori/post/DRjQ-uoE17f,"절대 녹지 않는 초콜릿이 있다???
안에 공기 층이많아서 잘 녹지 않는다고 하네
부숴서 디저트 토핑으로 먹으면 맛있을 듯?? 
1
/
2",조회 3.4천회,2025-11-27T07:10:11.000Z,5,1,,0,조회 68회,2026-02-13 16:39:22
https://www.threads.com/@arch_dotori/post/DRjOij_E1nG,"화장실 청소한다고 해놓고??
3시간째 안나오는 남친ㅋㅋㅋ?? 
1
/
2",조회 7.0만회,2025-11-27T06:48:52.000Z,113,30,7,52,조회 80회,2026-02-13 16:40:15
https://www.threads.com/@arch_dotori/post/DRi_YK0k3FW,"누가 남에 차에서 담배피나 했더니..
와ㅋㅋ?? 
1
/
2",0회,2025-11-27T04:36:23.000Z,5,1,,5,0회,2026-02-13 16:41:04
https://www.threads.com/@arch_dotori/post/DRi9XGakzvV,"이 방법으로 출근시간 10분 아꼈다??
머리 볼륨 잡기 이렇게 쉬웠네ㅋㅋ 
1
/
2",조회 7.1천회,2025-11-27T04:18:45.000Z,5,1,1,0,조회 64회,2026-02-13 16:41:50
https://www.threads.com/@arch_dotori/post/DRhcaXKE5n1,"이게 대체 뭐지???
공룡들이 단체로 뛰어가네?? 
1
/
2",조회 202회,2025-11-26T14:11:36.000Z,4,1,,1,조회 42회,2026-02-13 16:42:49
https://www.threads.com/@arch_dotori/post/DRhOza3E-Bg,"내 발에 뭐 묻은 줄 알았어
사람들이 내 발만 봐서ㅋㅋ 
1
/
2",조회 335회,2025-11-26T12:12:41.000Z,1,1,,1,조회 38회,2026-02-13 16:43:31
